board_aspect_ratio_not_normalized,bottom_edge_ports_normalized_to_width,cost,did_hight_density_solver_find_solution,layer_transitions_normalized_to_if_all_connections_where_transition,left_edge_ports_normalized_to_height,ports_on_top_layer_normalized_to_total_ports,right_edge_ports_normalized_to_height,same_layer_crossings_normalized_to_if_all_where_layercrossing,same_net_crossings_normalized_to_segments,single_via_area_normalized_to_area,top_edge_ports_normalized_to_width,total_trace_distance_normalized_to_diagonal,two_via_area_normalized_to_area
2.83,0.0353356890459364,7,true,0.2222222222222222,0.4,0.6111111111111112,0.5,0,2.6,0.35335689045936397,0.2826855123674912,0.528832297127028,0.7067137809187279
1.603577747198742,0.0061294039767573,3,true,0.2727272727272727,0.019657951641438964,0.6363636363636364,0.009828975820719482,0,1.75,0.00024098305393187736,0.00919410596513595,0.5398370115735538,0.0004819661078637547
2.0062893081761004,0.18808777429467088,4,true,0.2,0.5031446540880503,0.4666666666666667,0.37735849056603776,0,2,0.19715699611600718,0.31347962382445144,0.5112280619455098,0.39431399223201435
1.603577747198742,0.0122588079535146,2,true,0.09090909090909091,0.004914487910359741,0.7272727272727273,0.009828975820719482,0.09090909090909091,1.75,0.00024098305393187736,0.0122588079535146,0.5334493853240742,0.0004819661078637547
2.83,0.26501766784452296,6,false,0.21428571428571427,1.5,0.5714285714285714,0.75,0,1.8,0.35335689045936397,0.17667844522968199,0.45373249008402733,0.7067137809187279
0.35335689045936397,1,3,true,0.3333333333333333,0,0.1111111111111111,0.1413427561837456,0,2,0.35335689045936397,0.4,0.35997119100142166,0.7067137809187279
2.0062893081761004,0.09404388714733544,7,false,0.1935483870967742,0.2830188679245283,0.41935483870967744,0.2830188679245283,0,2.4444444444444446,0.19715699611600718,0.10971786833855801,0.5485669719397573,0.39431399223201435
0.36888586956521735,0.14732965009208104,11,true,0.2777777777777778,0.0203804347826087,0.2222222222222222,0.01358695652173913,0,2,0.0031277524221314757,0.09208103130755065,0.44866125385219174,0.0062555048442629515
0.44504609980974685,0.03288391976323578,15,true,0.3076923076923077,0.02341577637933558,0.2692307692307692,0.017561832284501686,0,1.8888888888888888,0.00048125156978246413,0.046037487668530094,0.45810184801853393,0.0009625031395649283
0.35335689045936397,0.15,13,false,0.2916666666666667,0.31802120141342755,0.25,0.4770318021201413,0,1.6666666666666667,0.35335689045936397,1.2,0.31016513862719325,0.7067137809187279
0.36888586956521735,0.01841620626151013,10,true,0.3076923076923077,0.0203804347826087,0.15384615384615385,0.04755434782608696,0,2.25,0.0031277524221314757,0.03683241252302026,0.4705295027398605,0.0062555048442629515
0.33292458614347026,0.1841620626151013,9,true,0.2631578947368421,0.04904966278356837,0.3157894736842105,0.03678724708767628,0,2.1666666666666665,0.011291358835996402,0.25782688766114187,0.6336866342360703,0.022582717671992804
0.35335689045936397,0.6000000000000001,13,false,0.25,0.17667844522968199,0.4642857142857143,0.31802120141342755,0.03571428571428571,2.111111111111111,0.35335689045936397,0.8,0.5086811777672601,0.7067137809187279
2.83,0.17667844522968199,2,true,0.2857142857142857,0.75,0,0,0,2.5,0.35335689045936397,0.17667844522968199,0.33317969869069236,0.7067137809187279
1.603577747198742,0.00551646357908157,23,false,0.25806451612903225,0.006880283074503638,0.3870967741935484,0.008846078238647534,0,2.1,0.00024098305393187736,0.003677642386054381,0.4800381382646069,0.0004819661078637547
2.0062893081761004,0.5015673981191223,21,false,0.3103448275862069,0.5031446540880503,0.27586206896551724,1.3836477987421385,0,1.9,0.19715699611600718,0.37617554858934177,0.48551897809893896,0.39431399223201435
2.0062893081761004,0.23510971786833856,8,false,0.3333333333333333,0.31446540880503143,0.5833333333333334,0.6289308176100629,0,2,0.19715699611600718,0.23510971786833856,0.5051666961308031,0.39431399223201435
2.83,0.0353356890459364,4,true,0.42857142857142855,0.1,0.42857142857142855,0.1,0,1.3333333333333333,0.35335689045936397,0.1413427561837456,0.3880572815910315,0.7067137809187279
0.35335689045936397,0.5,12,false,0.35,0.31802120141342755,0.25,0.0353356890459364,0,1.8571428571428572,0.35335689045936397,0.5,0.4336882837779933,0.7067137809187279
4.072815533980583,0,0,true,0,0.48543689320388356,0,0.48543689320388356,0,3,1,0.23837902264600716,0.32185646493393444,2
0.35335689045936397,0.2,10,false,0.21739130434782608,0.24734982332155478,0.5652173913043478,0.24734982332155478,0,2.2857142857142856,0.35335689045936397,0.7000000000000001,0.4750384968067217,0.7067137809187279
0.44504609980974685,0.046037487668530094,13,true,0.3181818181818182,0.017561832284501686,0.3181818181818182,0.020488804331918634,0,2.142857142857143,0.00048125156978246413,0.013153567905294311,0.47757010983445325,0.0009625031395649283
0.35335689045936397,0.5,10,false,0.2692307692307692,0.31802120141342755,0.5,0.24734982332155478,0,2.25,0.35335689045936397,0.5,0.416381317751736,0.7067137809187279
0.35335689045936397,0,1,true,0.3333333333333333,0,0.6666666666666666,0.0353356890459364,0,2,0.35335689045936397,0.2,0.263515675773303,0.7067137809187279
0.36888586956521735,0.23020257826887663,29,false,0.35714285714285715,0.050951086956521736,0.25,0.042459239130434784,0,1.8,0.0031277524221314757,0.16114180478821363,0.5348980050877035,0.0062555048442629515
0.44504609980974685,0.06576783952647156,28,true,0.3333333333333333,0.02341577637933558,0.23333333333333334,0.02341577637933558,0,2,0.00048125156978246413,0.026307135810588623,0.48553359330379214,0.0009625031395649283
0.35335689045936397,0.35000000000000003,16,false,0.2857142857142857,0.08833922261484099,0.32142857142857145,0.1413427561837456,0,2.111111111111111,0.35335689045936397,0.4,0.5089980276330015,0.7067137809187279
0.36888586956521735,0,1,true,0.25,0.0033967391304347825,0,0.0016983695652173913,0,1,0.0031277524221314757,0.004604051565377533,0.29758479169431057,0.0062555048442629515
2.83,0.0176678445229682,1,false,0.125,0.15000000000000002,0.75,0.15000000000000002,0,1.6666666666666667,0.35335689045936397,0.0176678445229682,0.5317813312040388,0.7067137809187279
2.83,0.1413427561837456,2,true,0.3333333333333333,0.2,0.16666666666666666,0,0,2,0.35335689045936397,0.2120141342756184,0.23112071251585806,0.7067137809187279
0.33292458614347026,0.04604051565377532,6,true,0.3333333333333333,0.00919681177191907,0.26666666666666666,0.003065603923973023,0,2,0.011291358835996402,0.0552486187845304,0.4092565396672166,0.022582717671992804
0.35335689045936397,0.1,1,true,0.14285714285714285,0.0353356890459364,0.7142857142857143,0.0353356890459364,0,1.3333333333333333,0.35335689045936397,0.4,0.3716169484402219,0.7067137809187279
2.83,0.1060070671378092,4,true,0.3333333333333333,0.6000000000000001,0.16666666666666666,0.2,0,2,0.35335689045936397,0.0353356890459364,0.37778744148424376,0.7067137809187279
0.36888586956521735,0.055248618784530384,5,true,0.23076923076923078,0.01528532608695652,0.46153846153846156,0.005095108695652173,0,1.6,0.0031277524221314757,0.06906077348066299,0.5322780290953613,0.0062555048442629515
1.603577747198742,0.004903523181405841,13,false,0.23333333333333334,0.008846078238647534,0.5333333333333333,0.004914487910359741,0,2,0.00024098305393187736,0.004903523181405841,0.49345818452507395,0.0004819661078637547
1.603577747198742,0.008581165567460221,15,true,0.2692307692307692,0.015726361313151173,0.5,0.01179477098486338,0.038461538461538464,1.6,0.00024098305393187736,0.0061294039767573,0.507233885553677,0.0004819661078637547
1.603577747198742,0.0024517615907029204,1,true,0.25,0.003931590328287793,0,0,0,1,0.00024098305393187736,0,0.380067654140251,0.0004819661078637547
0.33292458614347026,0.07366482504604052,4,true,0.375,0.012262415695892093,0.125,0.012262415695892093,0,1.6666666666666667,0.011291358835996402,0,0.30304820575253155,0.022582717671992804
1.603577747198742,0,1,true,0.3333333333333333,0.0019657951641438966,0.3333333333333333,0.0019657951641438966,0,2,0.00024098305393187736,0.0012258807953514602,0.49325922920944043,0.0004819661078637547
2.83,0.35335689045936397,7,false,0.3125,1.25,0.3125,0.75,0,2.2,0.35335689045936397,0.35335689045936397,0.413717225513071,0.7067137809187279
0.44504609980974685,0.01644195988161789,15,true,0.28125,0.008049173130396605,0.375,0.004390458071125421,0,2.2,0.00048125156978246413,0.008220979940808944,0.3803666055943866,0.0009625031395649283
1.603577747198742,0.0061294039767573,18,true,0.2962962962962963,0.01769215647729507,0.18518518518518517,0.01769215647729507,0,2,0.00024098305393187736,0.004903523181405841,0.5221083015793028,0.0004819661078637547
1.603577747198742,0.0024517615907029204,13,true,0.2631578947368421,0.00589738549243169,0.2631578947368421,0.00589738549243169,0.05263157894736842,1.7142857142857142,0.00024098305393187736,0.0018388211930271904,0.5444410200522226,0.0004819661078637547
0.36888586956521735,0.055248618784530384,26,true,0.36,0.025475543478260868,0.32,0.035665760869565216,0,1.7777777777777777,0.0031277524221314757,0.12430939226519336,0.5093636189210019,0.0062555048442629515
0.35335689045936397,1,17,false,0.2413793103448276,0.2826855123674912,0.3448275862068966,0.17667844522968199,0,2.2222222222222223,0.35335689045936397,0.6000000000000001,0.5366213050642936,0.7067137809187279
4.072815533980583,0.3575685339690108,1,true,0.16666666666666666,0.9708737864077671,0,0,0,2,1,0.11918951132300358,0.4006568325606099,2
2.83,0.2826855123674912,20,false,0.2647058823529412,0.6000000000000001,0.29411764705882354,0.6000000000000001,0,2.4,0.35335689045936397,0.49469964664310956,0.5509135056924078,0.7067137809187279
2.83,0.5300353356890459,15,false,0.24,2.25,0.68,1,0.04,1.7777777777777777,0.35335689045936397,0.5300353356890459,0.5270248985458011,0.7067137809187279
2.83,0.1060070671378092,2,true,0.25,0.2,0.125,0.1,0,3,0.35335689045936397,0.0706713780918728,0.5354106507619444,0.7067137809187279
2.0062893081761004,0.06269592476489029,8,true,0.3333333333333333,0.15723270440251572,0.26666666666666666,0.06289308176100629,0,1.5,0.19715699611600718,0.06269592476489029,0.4239921437689441,0.39431399223201435
0.33292458614347026,0.01841620626151013,1,true,0.3333333333333333,0.006131207847946046,0.3333333333333333,0.006131207847946046,0,2,0.011291358835996402,0,0.29929302422319015,0.022582717671992804
2.0062893081761004,0.23510971786833856,6,false,0.2857142857142857,0.28301886792452824,0.14285714285714285,0.4716981132075471,0,1.8,0.19715699611600718,0.047021943573667714,0.591327019451159,0.39431399223201435
0.44504609980974685,0.008220979940808944,17,false,0.26666666666666666,0.004390458071125421,0.5666666666666667,0.008780916142250843,0,2.3333333333333335,0.00048125156978246413,0.011509371917132524,0.49713320733049626,0.0009625031395649283
0.33292458614347026,0.13812154696132597,7,true,0.2777777777777778,0.09196811771919068,0.5555555555555556,0.061312078479460456,0,2,0.011291358835996402,0.23020257826887663,0.4777599448191312,0.022582717671992804
1.603577747198742,0.00551646357908157,13,true,0.2,0.006880283074503638,0.4,0.00589738549243169,0.04,2.5714285714285716,0.00024098305393187736,0.0018388211930271904,0.4756261536819613,0.0004819661078637547
0.33292458614347026,0.13812154696132597,2,true,0.125,0.07664009809932558,0.5,0.04598405885959534,0,2.2,0.011291358835996402,0.23020257826887663,0.47717297301540484,0.022582717671992804
1.603577747198742,0.007355284772108762,10,true,0.17857142857142858,0.01179477098486338,0.5357142857142857,0.01769215647729507,0.03571428571428571,2.5,0.00024098305393187736,0.008581165567460221,0.4932766665941916,0.0004819661078637547
2.0062893081761004,0.09404388714733543,2,true,0.2222222222222222,0.28301886792452824,0.3333333333333333,0.18867924528301885,0,2,0.19715699611600718,0.09404388714733543,0.5039525937242013,0.39431399223201435
0.35335689045936397,0.2,2,true,0.2857142857142857,0.1413427561837456,0.42857142857142855,0.0706713780918728,0,2.5,0.35335689045936397,0.6000000000000001,0.33753519099848195,0.7067137809187279
2.0062893081761004,0.4702194357366771,22,false,0.3076923076923077,1.10062893081761,0.3076923076923077,1.2578616352201257,0,2.25,0.19715699611600718,0.39184952978056425,0.5507570365097361,0.39431399223201435
0.35335689045936397,0.6,3,true,0.21428571428571427,0.15901060070671377,0.2857142857142857,0.15901060070671377,0,2.5,0.35335689045936397,0.6,0.3415732206537472,0.7067137809187279
2.0062893081761004,0.06269592476489029,9,false,0.4166666666666667,0.12578616352201258,0.5833333333333334,0.31446540880503143,0,1.4,0.19715699611600718,0.09404388714733544,0.5412324853376922,0.39431399223201435
0.36888586956521735,0.1104972375690608,4,true,0.17647058823529413,0.0203804347826087,0.35294117647058826,0.01358695652173913,0,2.4,0.0031277524221314757,0.1104972375690608,0.5918749080965912,0.0062555048442629515
4.072815533980583,1.1918951132300357,6,false,0.26666666666666666,2.9126213592233015,0.26666666666666666,2.9126213592233015,0,2.75,1,0.9535160905840286,0.443739186124769,2
0.33292458614347026,0.25782688766114187,9,false,0.20833333333333334,0.061312078479460456,0.7083333333333334,0.07357449417535256,0.041666666666666664,2.4285714285714284,0.011291358835996402,0.2209944751381216,0.42724475777535087,0.022582717671992804
0.36888586956521735,0.01841620626151013,3,true,0.2,0.0033967391304347825,0.2,0.01019021739130435,0.1,1.5,0.0031277524221314757,0.03683241252302026,0.41834802186606945,0.0062555048442629515
1.603577747198742,0.0122588079535146,7,true,0.23809523809523808,0.03440141537251819,0.047619047619047616,0.019657951641438964,0,2,0.00024098305393187736,0.0183882119302719,0.5275795393214818,0.0004819661078637547
0.35335689045936397,0,5,false,0.3076923076923077,0.26501766784452296,0.07692307692307693,0.5300353356890459,0,1.6,0.35335689045936397,1,0.3749345745572552,0.7067137809187279
4.072815533980583,0.8939213349225269,10,false,0.2608695652173913,8.495145631067961,0.34782608695652173,7.281553398058253,0,1.875,1,2.0858164481525625,0.49500606260983643,2
4.072815533980583,0.11918951132300358,7,false,0.36363636363636365,1.4563106796116507,0.36363636363636365,2.4271844660194177,0,1.75,1,0.23837902264600716,0.5086864199010465,2
0.44504609980974685,0.01644195988161789,13,true,0.2608695652173913,0.004390458071125421,0.5652173913043478,0.014634860237084737,0,1.875,0.00048125156978246413,0.01644195988161789,0.4753823881414208,0.0009625031395649283
0.35335689045936397,1,9,true,0.29411764705882354,0.1413427561837456,0.23529411764705882,0.0706713780918728,0,1.8333333333333333,0.35335689045936397,1.8,0.427268856485169,0.7067137809187279
2.83,0.17667844522968199,10,false,0.25,0.2,0.5416666666666666,0.25,0,2.4285714285714284,0.35335689045936397,0.08833922261484099,0.4206964324808765,0.7067137809187279
1.603577747198742,0.021452913918650552,19,true,0.3448275862068966,0.03931590328287793,0.20689655172413793,0.04423039119323767,0,1.9,0.00024098305393187736,0.01532350994189325,0.3955109690817241,0.0004819661078637547
0.33292458614347026,0.1841620626151013,6,true,0.2857142857142857,0.015328019619865114,0.42857142857142855,0.04598405885959534,0,2.5,0.011291358835996402,0.27624309392265195,0.3612237341774866,0.022582717671992804
0.44504609980974685,0.019730351857941468,25,true,0.3103448275862069,0.008780916142250843,0.3103448275862069,0.010244402165959317,0,1.9,0.00048125156978246413,0.03288391976323578,0.5790971617810355,0.0009625031395649283
2.83,0.0353356890459364,1,true,0.25,0.05,0.25,0.05,0,3,0.35335689045936397,0,0.37017462234468734,0.7067137809187279
0.33292458614347026,0.0276243093922652,5,true,0.23076923076923078,0.012262415695892093,0.46153846153846156,0.012262415695892093,0,2.25,0.011291358835996402,0.01841620626151013,0.3699056205502017,0.022582717671992804
2.0062893081761004,0.23510971786833856,5,false,0.25,0.9433962264150942,0.3125,0.7861635220125786,0,1.6666666666666667,0.19715699611600718,0.15673981191222572,0.5527205398442202,0.39431399223201435
2.83,0.3710247349823322,8,false,0.21739130434782608,0.6,0.43478260869565216,1.3499999999999999,0,1.875,0.35335689045936397,0.15901060070671377,0.568731517301821,0.7067137809187279
2.0062893081761004,0.15673981191222572,13,false,0.3181818181818182,0.31446540880503143,0.18181818181818182,0.31446540880503143,0,2.142857142857143,0.19715699611600718,0.21943573667711602,0.521170932032884,0.39431399223201435
2.0062893081761004,0.14106583072100312,5,true,0.3333333333333333,0.18867924528301885,0.3333333333333333,0.09433962264150943,0,2,0.19715699611600718,0.14106583072100312,0.6007673623877378,0.39431399223201435
2.0062893081761004,0.06269592476489029,1,true,0.09090909090909091,0.37735849056603776,0.36363636363636365,0.25157232704402516,0,2.6666666666666665,0.19715699611600718,0.31347962382445144,0.4156429360746454,0.39431399223201435
2.83,0.21201413427561835,6,false,0.26666666666666666,0.3,0.6666666666666666,0.75,0,2,0.35335689045936397,0.21201413427561835,0.3996073319967019,0.7067137809187279
1.603577747198742,0.02206585431632628,10,true,0.17391304347826086,0.019657951641438964,0.5652173913043478,0.01179477098486338,0.043478260869565216,1.875,0.00024098305393187736,0.014710569544217523,0.5214411728136483,0.0004819661078637547
0.44504609980974685,0.01644195988161789,5,true,0.42857142857142855,0.003658715059271184,0.14285714285714285,0.007317430118542368,0,1.3333333333333333,0.00048125156978246413,0.01644195988161789,0.5938725473073065,0.0009625031395649283
0.44504609980974685,0,1,true,0.3333333333333333,0.0029269720474169474,0.6666666666666666,0.0029269720474169474,0,2,0.00048125156978246413,0.006576783952647156,0.24837924863367003,0.0009625031395649283
0.33292458614347026,0.1104972375690608,6,false,0.16,0.061312078479460456,0.48,0.13488657265481302,0,2.125,0.011291358835996402,0.2209944751381216,0.42757784542324745,0.022582717671992804
1.603577747198742,0.00551646357908157,7,true,0.2631578947368421,0.011794770984863378,0.5263157894736842,0.023589541969726756,0,2.1666666666666665,0.00024098305393187736,0.00735528477210876,0.5156867298491556,0.0004819661078637547
2.83,0,0,true,0,0.15,1,0.15,0,1,0.35335689045936397,0,0.47316739849166817,0.7067137809187279
1.603577747198742,0.009807046362811682,10,true,0.3157894736842105,0.015726361313151173,0.21052631578947367,0.01179477098486338,0,2.1666666666666665,0.00024098305393187736,0.019614092725623363,0.43492968987208186,0.0004819661078637547
4.072815533980583,0.17878426698450536,2,false,0.18181818181818182,2.912621359223301,0.2727272727272727,0,0,1.75,1,1.072705601907032,0.4013350121636424,2
0.36888586956521735,0.01841620626151013,5,true,0.3,0.016983695652173912,0.1,0.006793478260869565,0,2.3333333333333335,0.0031277524221314757,0.009208103130755065,0.48175371319907023,0.0062555048442629515
0.44504609980974685,0,2,true,0.4,0.0021952290355627103,0.2,0.00658568710668813,0,1.5,0.00048125156978246413,0.004932587964485366,0.49790392034328596,0.0009625031395649283
0.33292458614347026,0.25782688766114187,17,false,0.26666666666666666,0.12262415695892091,0.36666666666666664,0.09809932556713674,0,2,0.011291358835996402,0.1841620626151013,0.5215392858628278,0.022582717671992804
0.36888586956521735,0.027624309392265192,8,true,0.2,0.040760869565217385,0.6,0.025475543478260868,0,2.3333333333333335,0.0031277524221314757,0.06906077348066299,0.4230854440464501,0.0062555048442629515
0.36888586956521735,0.07366482504604052,20,true,0.2692307692307692,0.06114130434782609,0.5384615384615384,0.06114130434782609,0,2.25,0.0031277524221314757,0.07366482504604052,0.44988878531180865,0.0062555048442629515
2.0062893081761004,0.15673981191222572,10,false,0.35294117647058826,0.9433962264150942,0.058823529411764705,0.4716981132075471,0,1.8333333333333333,0.19715699611600718,0.4702194357366771,0.49065315431871415,0.39431399223201435
0.35335689045936397,0.4,8,true,0.2,0.1413427561837456,0.65,0.2826855123674912,0,2.3333333333333335,0.35335689045936397,0.4,0.5152184386607277,0.7067137809187279
1.603577747198742,0,5,true,0.3,0.005897385492431689,0.1,0.011794770984863378,0,2.3333333333333335,0.00024098305393187736,0.00735528477210876,0.5921392602605539,0.0004819661078637547
4.072815533980583,1.2514898688915377,20,false,0.3333333333333333,5.0970873786407775,0.2222222222222222,7.281553398058253,0,2,1,0.536352800953516,0.4292601568508222,2
4.072815533980583,0.5959475566150179,22,false,0.24242424242424243,1.2135922330097089,0.30303030303030304,2.184466019417476,0,2.3,1,0.5363528009535161,0.5140032878441619,2
4.072815533980583,0.23837902264600716,1,true,0.25,1.9417475728155342,0.75,0,0,3,1,0.23837902264600716,0.45248017874801766,2
0.35335689045936397,1.4000000000000001,9,false,0.2631578947368421,0.2826855123674912,0.5263157894736842,0.35335689045936397,0,1.7142857142857142,0.35335689045936397,0.6000000000000001,0.5025017233243155,0.7067137809187279
1.603577747198742,0.0245176159070292,15,true,0.2692307692307692,0.024572439551798705,0.4230769230769231,0.03440141537251819,0,2.25,0.00024098305393187736,0.0183882119302719,0.5438978350778046,0.0004819661078637547
0.44504609980974685,0,1,true,0.5,0.0007317430118542369,0.5,0.0007317430118542369,0,1,0.00048125156978246413,0,0.3218506676541587,0.0009625031395649283
0.36888586956521735,0.0276243093922652,20,true,0.32,0.006793478260869565,0.48,0.008491847826086956,0,1.7777777777777777,0.0031277524221314757,0.04604051565377532,0.4685887301879419,0.0062555048442629515
4.072815533980583,0.3575685339690107,5,false,0.14285714285714285,4.368932038834951,0.5714285714285714,5.0970873786407775,0.047619047619047616,1.625,1,1.072705601907032,0.48161124693205193,2
0.44504609980974685,0.004932587964485366,4,true,0.2727272727272727,0.017561832284501682,0.36363636363636365,0.0043904580711254205,0,2.6666666666666665,0.00048125156978246413,0,0.3362182773710343,0.0009625031395649283
0.33292458614347026,0.12891344383057093,12,false,0.23076923076923078,0.030656039239730228,0.38461538461538464,0.03678724708767628,0,2.25,0.011291358835996402,0.14732965009208104,0.506826733893232,0.022582717671992804
0.36888586956521735,0.01841620626151013,4,true,0.2727272727272727,0.02717391304347826,0.5454545454545454,0.0203804347826087,0,1.75,0.0031277524221314757,0.0552486187845304,0.3865865334477729,0.0062555048442629515
0.36888586956521735,0.02302025782688766,7,false,0.3,0.006793478260869565,0.6,0.008491847826086956,0,1.8571428571428572,0.0031277524221314757,0.0276243093922652,0.42380693480306836,0.0062555048442629515
1.603577747198742,0.0061294039767573,3,true,0.3333333333333333,0.0019657951641438966,0.3333333333333333,0,0,1,0.00024098305393187736,0,0.2816769244634389,0.0004819661078637547
1.603577747198742,0.003677642386054381,12,false,0.2222222222222222,0.007863180656575586,0.2962962962962963,0.006880283074503638,0.037037037037037035,2,0.00024098305393187736,0.003677642386054381,0.5089757180108844,0.0004819661078637547
0.33292458614347026,0.03683241252302026,7,true,0.36363636363636365,0,0.18181818181818182,0.030656039239730228,0,1.75,0.011291358835996402,0.07366482504604052,0.42313739084073604,0.022582717671992804
2.83,0.08833922261484099,1,true,0.3333333333333333,0,0.6666666666666666,0.5,0,2,0.35335689045936397,0,0.6195773361790226,0.7067137809187279
2.83,0.0706713780918728,4,true,0.2727272727272727,0.05,0.6363636363636364,0.05,0,1.75,0.35335689045936397,0.08833922261484099,0.3963638113491425,0.7067137809187279
2.0062893081761004,0.04702194357366772,7,true,0.2857142857142857,0.06289308176100629,0.21428571428571427,0.09433962264150944,0,2.5,0.19715699611600718,0.09404388714733544,0.6310355068738086,0.39431399223201435
0.35335689045936397,0.4,11,false,0.2857142857142857,0.2826855123674912,0.2857142857142857,0.2120141342756184,0,2,0.35335689045936397,0.30000000000000004,0.5262356978491555,0.7067137809187279
0.44504609980974685,0.019730351857941465,6,true,0.35714285714285715,0.008780916142250841,0.42857142857142855,0.0043904580711254205,0,1.3333333333333333,0.00048125156978246413,0.019730351857941465,0.49729409061820756,0.0009625031395649283
2.83,0.1060070671378092,4,true,0.42857142857142855,0.30000000000000004,0.2857142857142857,0,0,1.3333333333333333,0.35335689045936397,0.0353356890459364,0.377679550988848,0.7067137809187279
0.33292458614347026,0.24861878453038672,11,true,0.2857142857142857,0.027590435315757205,0.09523809523809523,0.04598405885959534,0,2,0.011291358835996402,0.11049723756906077,0.5337986575796138,0.022582717671992804
2.0062893081761004,0.14106583072100312,6,true,0.3,0.18867924528301885,0.5,0.4716981132075471,0,2.3333333333333335,0.19715699611600718,0,0.557975507824121,0.39431399223201435
4.072815533980583,2.0858164481525625,8,false,0.25,3.6407766990291264,0.3125,3.6407766990291264,0,3,1,0.8939213349225269,0.37703847797208667,2
1.603577747198742,0.0024517615907029204,10,true,0.3,0.007863180656575586,0.5,0.00589738549243169,0,2.3333333333333335,0.00024098305393187736,0.0012258807953514602,0.5302065413081328,0.0004819661078637547
1.603577747198742,0.0024517615907029204,2,true,0.18181818181818182,0,0.6363636363636364,0.01179477098486338,0,1.75,0.00024098305393187736,0.017162331134920442,0.3526358193486948,0.0004819661078637547
0.36888586956521735,0.14732965009208104,21,true,0.32142857142857145,0.04755434782608696,0.2857142857142857,0.033967391304347824,0,1.8,0.0031277524221314757,0.14732965009208104,0.4207647672406182,0.0062555048442629515
4.072815533980583,0.23837902264600716,4,true,0.2727272727272727,2.4271844660194177,0.18181818181818182,0,0,1.75,1,0.4767580452920143,0.5115577381996693,2
0.44504609980974685,0,1,true,0.3333333333333333,0.005853944094833895,0.3333333333333333,0,0,2,0.00048125156978246413,0.006576783952647156,0.4482829855790322,0.0009625031395649283
2.0062893081761004,0.31347962382445144,5,false,0.17647058823529413,0.9433962264150942,0.6470588235294118,0.6289308176100629,0,1.8333333333333333,0.19715699611600718,0.23510971786833856,0.6401159530590198,0.39431399223201435
2.83,0.0706713780918728,4,true,0.375,0.6000000000000001,0.125,0.6000000000000001,0,1.6666666666666667,0.35335689045936397,0.0706713780918728,0.44153478285506054,0.7067137809187279
0.36888586956521735,0.041436464088397795,14,false,0.21428571428571427,0.015285326086956522,0.6428571428571429,0.006793478260869565,0.07142857142857142,1.8,0.0031277524221314757,0.0276243093922652,0.5308169906024763,0.0062555048442629515
1.603577747198742,0.009807046362811682,8,true,0.2631578947368421,0.003931590328287793,0.2631578947368421,0.015726361313151173,0,2.1666666666666665,0.00024098305393187736,0.0012258807953514602,0.3824711258284482,0.0004819661078637547
2.83,0.2826855123674912,6,false,0.21052631578947367,0.4,0.42105263157894735,0.2,0.05263157894736842,1.7142857142857142,0.35335689045936397,0.17667844522968199,0.4624019919999562,0.7067137809187279
0.36888586956521735,0.0276243093922652,7,true,0.13043478260869565,0.01019021739130435,0.391304347826087,0.0203804347826087,0.08695652173913043,1.875,0.0031277524221314757,0.10128913443830573,0.4446242478188118,0.0062555048442629515
2.0062893081761004,0.6269592476489029,11,false,0.21428571428571427,0.7861635220125786,0.4642857142857143,1.2578616352201257,0.03571428571428571,2.111111111111111,0.19715699611600718,0.54858934169279,0.5238199118371478,0.39431399223201435
2.83,0.0530035335689046,4,false,0.2,0.1,0.3333333333333333,0.30000000000000004,0.06666666666666667,2,0.35335689045936397,0.0706713780918728,0.5475782604576248,0.7067137809187279
2.83,0.1413427561837456,13,false,0.3157894736842105,0.6000000000000001,0.15789473684210525,0.4,0,1.7142857142857142,0.35335689045936397,0.17667844522968199,0.5536530699204756,0.7067137809187279
0.35335689045936397,0.75,2,true,0.25,0.08833922261484099,0.375,0.17667844522968199,0,1.6666666666666667,0.35335689045936397,0.5,0.36036789310199263,0.7067137809187279
0.35335689045936397,1.2000000000000002,4,false,0.21052631578947367,0.4240282685512368,0.5263157894736842,0.2826855123674912,0,2.1666666666666665,0.35335689045936397,0.6000000000000001,0.4537405652342058,0.7067137809187279
2.0062893081761004,0.09404388714733544,16,false,0.2916666666666667,0.22012578616352202,0.08333333333333333,0.22012578616352202,0.041666666666666664,1.6666666666666667,0.19715699611600718,0.06269592476489029,0.5907574774230104,0.39431399223201435
1.603577747198742,0.0061294039767573,18,false,0.30434782608695654,0.01179477098486338,0.4782608695652174,0.015726361313151173,0,1.875,0.00024098305393187736,0.004903523181405841,0.5655499028632094,0.0004819661078637547
0.44504609980974685,0.011509371917132524,11,false,0.2,0.003658715059271184,0.4,0.006585687106688131,0.08,1.7777777777777777,0.00048125156978246413,0.006576783952647156,0.4721435017220158,0.0009625031395649283
0.33292458614347026,0.08287292817679558,4,false,0.1875,0.03678724708767627,0.625,0.03678724708767627,0.0625,1.2857142857142858,0.011291358835996402,0.13812154696132597,0.40426723813799564,0.022582717671992804
1.603577747198742,0,0,true,0,0.003931590328287793,0,0,0,1,0.00024098305393187736,0.0024517615907029204,0.46949495602934316,0.0004819661078637547
4.072815533980583,0.23837902264600716,6,false,0.3333333333333333,0.48543689320388356,0.2,1.4563106796116507,0,2,1,0.1787842669845054,0.3209508384735139,2
1.603577747198742,0.0012258807953514602,3,true,0.3,0.00589738549243169,0.5,0.0019657951641438966,0,2.3333333333333335,0.00024098305393187736,0,0.4153815474451255,0.0004819661078637547
4.072815533980583,0.7151370679380216,5,false,0.23529411764705882,0.9708737864077671,0.5294117647058824,2.4271844660194177,0,1.8333333333333333,1,0.4767580452920143,0.4682851744041542,2
0.33292458614347026,0.04604051565377532,5,true,0.2777777777777778,0.021459227467811162,0.5555555555555556,0.003065603923973023,0,2,0.011291358835996402,0.04604051565377532,0.4511156079143441,0.022582717671992804
4.072815533980583,0.5959475566150179,3,false,0.3333333333333333,3.6407766990291264,0.3333333333333333,0,0,2,1,0.29797377830750893,0.3545153471389406,2
0.33292458614347026,0.03683241252302026,3,true,0.14285714285714285,0.042918454935622324,0.8571428571428571,0.012262415695892093,0.07142857142857142,2.5,0.011291358835996402,0.0552486187845304,0.399168735800358,0.022582717671992804
2.0062893081761004,0.28213166144200624,8,false,0.2631578947368421,0.5660377358490565,0.631578947368421,0.3773584905660377,0,1.7142857142857142,0.19715699611600718,0.14106583072100312,0.49142677681829183,0.39431399223201435
0.35335689045936397,1.25,4,false,0.15789473684210525,0.26501766784452296,0.47368421052631576,0.26501766784452296,0,2.1666666666666665,0.35335689045936397,2,0.4353523113007453,0.7067137809187279
0.36888586956521735,0.027624309392265192,4,true,0.3,0.005095108695652173,0.4,0.025475543478260868,0,2.3333333333333335,0.0031277524221314757,0.027624309392265192,0.5041011518693238,0.0062555048442629515
2.83,0.17667844522968199,18,false,0.3181818181818182,0.7000000000000001,0.2727272727272727,0.4,0,2.142857142857143,0.35335689045936397,0.2120141342756184,0.43159859865376904,0.7067137809187279
1.603577747198742,0.0183882119302719,8,true,0.1875,0.03931590328287793,0.46875,0.04423039119323767,0,2.2,0.00024098305393187736,0.02758231789540785,0.4386223750182463,0.0004819661078637547
4.072815533980583,1.430274135876043,13,false,0.2857142857142857,5.825242718446602,0.5357142857142857,3.6407766990291264,0,1.8,1,1.2514898688915377,0.45798308401584265,2
0.33292458614347026,0.09208103130755065,11,false,0.3,0.01839362354383814,0.45,0.042918454935622324,0,2.3333333333333335,0.011291358835996402,0.09208103130755065,0.4823046369771818,0.022582717671992804
1.603577747198742,0.00306470198837865,13,true,0.23529411764705882,0.01081187340279143,0.5294117647058824,0.007863180656575586,0,2.4,0.00024098305393187736,0.0061294039767573,0.48562649746847175,0.0004819661078637547
1.603577747198742,0.003677642386054381,9,true,0.3157894736842105,0.01179477098486338,0.15789473684210525,0.01179477098486338,0,2.1666666666666665,0.00024098305393187736,0.004903523181405841,0.47077447716581267,0.0004819661078637547
0.36888586956521735,0.032228360957642734,21,true,0.30303030303030304,0.01358695652173913,0.12121212121212122,0.01358695652173913,0,2.3,0.0031277524221314757,0.04604051565377532,0.4871486320098638,0.0062555048442629515
0.33292458614347026,0.1104972375690608,11,true,0.25,0.012262415695892093,0.4,0.03678724708767628,0,1.8571428571428572,0.011291358835996402,0.1104972375690608,0.623157616370362,0.022582717671992804
4.072815533980583,0.5959475566150179,20,false,0.32,2.9126213592233015,0.28,4.8543689320388355,0,2.125,1,0.4767580452920143,0.49040430136194024,2
0.35335689045936397,0.2,13,true,0.3125,0.17667844522968199,0.125,0.1413427561837456,0,2.2,0.35335689045936397,0.5,0.5134675777525544,0.7067137809187279
1.603577747198742,0.01103292715816314,14,true,0.25,0.01179477098486338,0.42857142857142855,0.01179477098486338,0.03571428571428571,1.8,0.00024098305393187736,0.008581165567460221,0.4845420477764369,0.0004819661078637547
0.33292458614347026,0.027624309392265192,5,true,0.26666666666666666,0.05518087063151441,0.6,0.03678724708767627,0,2,0.011291358835996402,0.11049723756906077,0.4755690456214003,0.022582717671992804
2.0062893081761004,0.31347962382445144,3,true,0.3333333333333333,0.15723270440251572,0.5555555555555556,0.4716981132075471,0,2,0.19715699611600718,0.07836990595611286,0.3761376640571412,0.39431399223201435
0.35335689045936397,0.15000000000000002,4,true,0.25,0.0530035335689046,0.5833333333333334,0.0353356890459364,0,2,0.35335689045936397,0.2,0.46782314033619715,0.7067137809187279
0.35335689045936397,1,19,false,0.2903225806451613,0.2120141342756184,0.1935483870967742,0.31802120141342755,0,2.4444444444444446,0.35335689045936397,0.6000000000000001,0.4649219088625832,0.7067137809187279
2.83,0.10600706713780918,9,false,0.36363636363636365,0.8999999999999999,0.6363636363636364,0.3,0,1.75,0.35335689045936397,0.05300353356890459,0.409328006397735,0.7067137809187279
0.44504609980974685,0.01644195988161789,8,true,0.21052631578947367,0.008780916142250843,0.42105263157894735,0.007317430118542368,0,1.7142857142857142,0.00048125156978246413,0.009865175928970734,0.49113779089939746,0.0009625031395649283
4.072815533980583,3.5756853396901076,10,false,0.3181818181818182,1.2135922330097089,0.18181818181818182,3.6407766990291264,0,2.142857142857143,1,1.7878426698450538,0.334455447647127,2
2.0062893081761004,0,1,true,0.16666666666666666,0.31446540880503143,0.5,0.15723270440251572,0,2,0.19715699611600718,0.23510971786833856,0.27720814213567474,0.39431399223201435
4.072815533980583,0.3575685339690108,8,false,0.35714285714285715,2.9126213592233015,0.42857142857142855,0.48543689320388356,0,1.8,1,0.4767580452920143,0.38267593139808037,2
2.83,0.4416961130742049,10,false,0.2727272727272727,1.75,0.5,1.5,0,1.4444444444444444,0.35335689045936397,0.35335689045936397,0.5069049678814921,0.7067137809187279
2.83,0.1413427561837456,3,true,0.25,0.2,0.25,0.2,0,3,0.35335689045936397,0.1413427561837456,0.35060277189176053,0.7067137809187279
2.83,0.35335689045936397,7,false,0.3157894736842105,0.75,0.2631578947368421,2,0,1.375,0.35335689045936397,0.35335689045936397,0.4707084731076729,0.7067137809187279
2.0062893081761004,0.031347962382445145,3,true,0.25,0.18867924528301888,0.5,0.18867924528301888,0,3,0.19715699611600718,0.031347962382445145,0.6502625742468662,0.39431399223201435
1.603577747198742,0.00306470198837865,2,true,0.4,0,0,0.014743463731079222,0,1.5,0.00024098305393187736,0.00306470198837865,0.42007503447856426,0.0004819661078637547
2.83,0.2120141342756184,8,false,0.29411764705882354,0.5,0.47058823529411764,0.30000000000000004,0,1.4285714285714286,0.35335689045936397,0.1060070671378092,0.4511007078243277,0.7067137809187279
0.36888586956521735,0.01841620626151013,17,true,0.2727272727272727,0.008491847826086956,0.5909090909090909,0.01188858695652174,0,2.142857142857143,0.0031277524221314757,0.0276243093922652,0.49477524881036844,0.0062555048442629515
0.36888586956521735,0.01841620626151013,10,true,0.2727272727272727,0.02717391304347826,0.13636363636363635,0.02377717391304348,0,2.142857142857143,0.0031277524221314757,0.04604051565377532,0.507824422275643,0.0062555048442629515
0.44504609980974685,0.008220979940808944,3,true,0.5,0.007317430118542368,0.25,0,0,1,0.00048125156978246413,0.008220979940808944,0.47282048745476446,0.0009625031395649283
0.33292458614347026,0.22099447513812154,5,true,0.14814814814814814,0.06437768240343349,0.3333333333333333,0.05518087063151441,0,2,0.011291358835996402,0.16574585635359115,0.3697720158108567,0.022582717671992804
0.36888586956521735,0.0276243093922652,9,false,0.16129032258064516,0.01188858695652174,0.5806451612903226,0.01019021739130435,0.03225806451612903,2.1,0.0031277524221314757,0.0552486187845304,0.3942748051195505,0.0062555048442629515
0.35335689045936397,1,3,true,0.3333333333333333,0.17667844522968199,0.1111111111111111,0.17667844522968199,0,2,0.35335689045936397,0.25,0.305370411346029,0.7067137809187279
0.33292458614347026,0,1,true,0.25,0,0.75,0.018393623543838136,0,3,0.011291358835996402,0.055248618784530384,0.44715306509627106,0.022582717671992804
2.83,0.1413427561837456,1,true,0.25,0.2,0,0.2,0,1,0.35335689045936397,0,0.4419443455462356,0.7067137809187279
1.603577747198742,0.0006129403976757301,5,true,0.3333333333333333,0.0019657951641438966,0.4444444444444444,0.0019657951641438966,0,2,0.00024098305393187736,0.0024517615907029204,0.4025839648741069,0.0004819661078637547
4.072815533980583,0.3575685339690108,5,false,0.2857142857142857,0.9708737864077671,0.5714285714285714,0.24271844660194178,0,2.5,1,0.1787842669845054,0.4013489553136114,2
2.0062893081761004,0,1,true,0.3333333333333333,0.25157232704402516,0,0.12578616352201258,0,2,0.19715699611600718,0,0.3483570562624325,0.39431399223201435
0.36888586956521735,0.0138121546961326,1,true,0,0.0033967391304347825,0.375,0.0033967391304347825,0.125,1.6666666666666667,0.0031277524221314757,0.004604051565377533,0.5179610812005321,0.0062555048442629515
0.36888586956521735,0.02302025782688766,2,true,0.4,0.016983695652173912,0.2,0,0,1.5,0.0031277524221314757,0.04604051565377532,0.32283479393125664,0.0062555048442629515
0.36888586956521735,0.11049723756906077,11,false,0.28,0.025475543478260868,0.36,0.01528532608695652,0,1.7777777777777777,0.0031277524221314757,0.12430939226519336,0.441233945956573,0.0062555048442629515
0.44504609980974685,0.009865175928970734,7,true,0.2857142857142857,0.005853944094833895,0.5714285714285714,0.0029269720474169474,0,1.3333333333333333,0.00048125156978246413,0.01644195988161789,0.44731347035422286,0.0009625031395649283
2.0062893081761004,0.09404388714733544,9,false,0.15625,0.25157232704402516,0.6875,0.3459119496855346,0.03125,2.2,0.19715699611600718,0.10971786833855801,0.4717749939657954,0.39431399223201435
0.44504609980974685,0.008220979940808944,27,true,0.3225806451612903,0.004390458071125421,0.16129032258064516,0.006585687106688131,0,2.1,0.00048125156978246413,0.01808615586977968,0.47182038584647895,0.0009625031395649283
0.36888586956521735,0.055248618784530384,11,false,0.2727272727272727,0.04585597826086956,0.5454545454545454,0.025475543478260868,0,1.75,0.0031277524221314757,0.055248618784530384,0.5642836655528969,0.0062555048442629515
2.83,0.08833922261484099,3,true,0.25,0.25,0.125,0.75,0,1.6666666666666667,0.35335689045936397,0.26501766784452296,0.37910348230861435,0.7067137809187279
4.072815533980583,2.3837902264600714,22,false,0.32,3.8834951456310685,0.08,9.708737864077671,0,2.125,1,0.23837902264600716,0.44320496532383463,2
0.35335689045936397,1.2000000000000002,17,false,0.25925925925925924,0.6360424028268551,0.3333333333333333,0.49469964664310956,0,1.7,0.35335689045936397,1,0.548096171657758,0.7067137809187279
1.603577747198742,0.004903523181405841,24,true,0.3,0.009828975820719482,0.23333333333333334,0.004914487910359741,0,2.3333333333333335,0.00024098305393187736,0.004290582783730111,0.4974252483069726,0.0004819661078637547
2.83,0.17667844522968199,5,true,0.5,0.25,0.3333333333333333,0,0,1,0.35335689045936397,0.26501766784452296,0.43249376324199185,0.7067137809187279
0.44504609980974685,0.0147977638934561,8,false,0.2631578947368421,0.01317137421337626,0.5789473684210527,0.008780916142250841,0,2.1666666666666665,0.00048125156978246413,0.0295955277869122,0.3868971279109706,0.0009625031395649283
2.0062893081761004,0.329153605015674,14,false,0.32,0.5660377358490565,0.2,0.7547169811320754,0.04,1.5,0.19715699611600718,0.18808777429467086,0.4368246249839521,0.39431399223201435
0.36888586956521735,0.0138121546961326,7,true,0.2222222222222222,0.01019021739130435,0.4444444444444444,0.008491847826086956,0.05555555555555555,2,0.0031277524221314757,0.01841620626151013,0.5146354305611748,0.0062555048442629515
2.83,0.2120141342756184,4,true,0.2727272727272727,0.4,0.2727272727272727,0.4,0,2.6666666666666665,0.35335689045936397,0.2826855123674912,0.4259162284507442,0.7067137809187279
2.0062893081761004,0.21943573667711602,18,false,0.2962962962962963,0.31446540880503143,0.14814814814814814,0.5031446540880503,0,2,0.19715699611600718,0.21943573667711602,0.48101271306705806,0.39431399223201435
4.072815533980583,0.7151370679380215,5,true,0.2857142857142857,2.912621359223301,0.14285714285714285,2.1844660194174756,0,1.8,1,0.536352800953516,0.4340518488182731,2
1.603577747198742,0.00183882119302719,3,true,0.25,0.005897385492431689,0.5,0.0029486927462158445,0,1.6666666666666667,0.00024098305393187736,0.00735528477210876,0.36660235782310047,0.0004819661078637547
4.072815533980583,0.7151370679380215,4,false,0.15789473684210525,1.4563106796116505,0.3157894736842105,2.912621359223301,0,2.1666666666666665,1,1.6090584028605481,0.377185028001254,2
0.36888586956521735,0.09208103130755065,13,true,0.2692307692307692,0.07642663043478261,0.15384615384615385,0.06793478260869565,0,1.8888888888888888,0.0031277524221314757,0.11510128913443832,0.5207903140969301,0.0062555048442629515
0.33292458614347026,0.16574585635359115,22,true,0.3,0.06437768240343349,0.2,0.08277130594727161,0,2,0.011291358835996402,0.22099447513812154,0.47269384701504535,0.022582717671992804
2.0062893081761004,0.07836990595611286,11,true,0.3888888888888889,0.18867924528301888,0.3888888888888889,0.15723270440251572,0,1.5714285714285714,0.19715699611600718,0.031347962382445145,0.49197515233522127,0.39431399223201435
0.44504609980974685,0.024662939822426833,13,true,0.3157894736842105,0.0043904580711254205,0.3684210526315789,0.015366603248938973,0,1.7142857142857142,0.00048125156978246413,0.024662939822426833,0.5931740360572446,0.0009625031395649283
0.36888586956521735,0.004604051565377533,1,true,0.25,0,0.75,0,0,3,0.0031277524221314757,0.0138121546961326,0.5191547526026309,0.0062555048442629515
0.33292458614347026,0.13812154696132597,4,true,0.17647058823529413,0.04598405885959534,0.058823529411764705,0.04598405885959534,0,1.8333333333333333,0.011291358835996402,0.055248618784530384,0.3770752007279883,0.022582717671992804
2.83,0.31802120141342755,9,true,0.20833333333333334,0.1,0.5,0.6000000000000001,0,2.4285714285714284,0.35335689045936397,0.2826855123674912,0.3702765625598001,0.7067137809187279
2.0062893081761004,0.015673981191222573,2,true,0.3333333333333333,0.031446540880503145,0.5,0.06289308176100629,0,2,0.19715699611600718,0.031347962382445145,0.42533302847167825,0.39431399223201435
4.072815533980583,0,1,true,0.25,3.6407766990291264,0.75,1.2135922330097089,0,3,1,0,0.506139056580055,2
0.33292458614347026,0.3683241252302026,10,false,0.3181818181818182,0.024524831391784185,0.45454545454545453,0.07357449417535256,0,1.75,0.011291358835996402,0.14732965009208104,0.47824178115761123,0.022582717671992804
4.072815533980583,0.11918951132300358,3,true,0.4,1.4563106796116507,0.4,0,0,1.5,1,0.11918951132300358,0.6009439322602457,2
0.44504609980974685,0.01644195988161789,5,true,0.4,0.010976145177813552,0.5,0.014634860237084737,0,1.5,0.00048125156978246413,0.008220979940808944,0.474107987681581,0.0009625031395649283
4.072815533980583,2.3837902264600714,32,false,0.35714285714285715,8.495145631067961,0.32142857142857145,9.708737864077671,0,1.8,1,1.4898688915375446,0.6042232808562481,2
0.35335689045936397,0.75,16,false,0.3,0.7067137809187279,0.13333333333333333,0.7950530035335689,0,2,0.35335689045936397,2.5,0.46221648844241103,0.7067137809187279
2.83,0.17667844522968199,5,false,0.3333333333333333,1.5,0.25,0.75,0,1.4,0.35335689045936397,0.08833922261484099,0.5328481194299135,0.7067137809187279
0.33292458614347026,0.01841620626151013,2,true,0.3333333333333333,0.01839362354383814,0.3333333333333333,0,0,2,0.011291358835996402,0.03683241252302026,0.45506616717033155,0.022582717671992804
0.35335689045936397,0.7000000000000001,15,false,0.22580645161290322,0.3886925795053004,0.41935483870967744,0.17667844522968199,0.03225806451612903,2.1,0.35335689045936397,0.8,0.5190762971473133,0.7067137809187279
2.83,0.1413427561837456,14,false,0.28,0.45,0.28,0.2,0,2.125,0.35335689045936397,0.0706713780918728,0.4684999638988434,0.7067137809187279
0.33292458614347026,0.13812154696132597,9,true,0.2857142857142857,0.03678724708767627,0.5238095238095238,0.07357449417535254,0,2.5,0.011291358835996402,0.11049723756906077,0.5170008483564059,0.022582717671992804
0.35335689045936397,0.7000000000000001,6,false,0.15151515151515152,0.12367491166077739,0.6666666666666666,0.0706713780918728,0,2.6666666666666665,0.35335689045936397,0.4,0.3795360850596727,0.7067137809187279
0.35335689045936397,0.5,5,false,0.3333333333333333,0.0706713780918728,0.16666666666666666,0.0353356890459364,0,1.4,0.35335689045936397,0.4,0.501581065830083,0.7067137809187279
1.603577747198742,0.007355284772108762,3,true,0.3,0.01179477098486338,0.4,0.007863180656575586,0,2.3333333333333335,0.00024098305393187736,0.004903523181405841,0.5083293356155908,0.0004819661078637547
4.072815533980583,0.7151370679380215,3,false,0.23076923076923078,2.1844660194174756,0.38461538461538464,2.1844660194174756,0,2.25,1,0.536352800953516,0.5142174625324291,2
0.36888586956521735,0.14732965009208104,23,true,0.3333333333333333,0.033967391304347824,0.14814814814814814,0.05434782608695652,0,1.7,0.0031277524221314757,0.1104972375690608,0.4927515653288038,0.0062555048442629515
2.83,0.0706713780918728,6,true,0.4,0.2,0.3,0.2,0,1.5,0.35335689045936397,0.1413427561837456,0.4053908778760007,0.7067137809187279
2.83,0.08833922261484099,9,true,0.3076923076923077,0.05,0.23076923076923078,0.2,0,2.25,0.35335689045936397,0.0530035335689046,0.41262234229745043,0.7067137809187279
0.33292458614347026,0.09208103130755065,23,false,0.2903225806451613,0.05518087063151442,0.0967741935483871,0.042918454935622324,0,2.1,0.011291358835996402,0.1841620626151013,0.4998919215822824,0.022582717671992804
0.44504609980974685,0.013153567905294311,4,true,0.25,0.014634860237084737,0.5833333333333334,0.01170788818966779,0,2,0.00048125156978246413,0.006576783952647156,0.3918694769813382,0.0009625031395649283
1.603577747198742,0.014710569544217523,8,false,0.16129032258064516,0.02752113229801455,0.45161290322580644,0.031452722626302346,0,2.1,0.00024098305393187736,0.0245176159070292,0.49506677144513916,0.0004819661078637547
1.603577747198742,0.008581165567460221,31,true,0.3225806451612903,0.00589738549243169,0.2903225806451613,0.015726361313151173,0,2.1,0.00024098305393187736,0.015936450339568982,0.44740200451230905,0.0004819661078637547
2.0062893081761004,0.3761755485893417,17,false,0.2692307692307692,0.5660377358490565,0.15384615384615385,0.5660377358490565,0,2.25,0.19715699611600718,0.28213166144200624,0.5776877534036255,0.39431399223201435
2.83,0,2,true,0.3333333333333333,0.4,0.16666666666666666,0.4,0,2,0.35335689045936397,0.1413427561837456,0.630732160841259,0.7067137809187279
0.36888586956521735,0.01841620626151013,3,true,0.25,0.01019021739130435,0.6666666666666666,0.01358695652173913,0,1.4,0.0031277524221314757,0.0276243093922652,0.38589121201733545,0.0062555048442629515
2.0062893081761004,0.31347962382445144,12,false,0.30434782608695654,1.10062893081761,0.4782608695652174,1.4150943396226414,0,2.2857142857142856,0.19715699611600718,0.23510971786833856,0.4616547050417907,0.39431399223201435
1.603577747198742,0.009807046362811682,12,true,0.2692307692307692,0.02752113229801455,0.19230769230769232,0.02752113229801455,0,1.8888888888888888,0.00024098305393187736,0.019614092725623363,0.5631549747216262,0.0004819661078637547
2.0062893081761004,0.12539184952978058,5,true,0.2222222222222222,0.37735849056603776,0.16666666666666666,0.44025157232704404,0,2.6,0.19715699611600718,0.031347962382445145,0.4178942561633084,0.39431399223201435
1.603577747198742,0.0012258807953514602,5,true,0.2727272727272727,0.002948692746215845,0.18181818181818182,0.003931590328287793,0,2.6666666666666665,0.00024098305393187736,0.0012258807953514602,0.5929314042174396,0.0004819661078637547
0.35335689045936397,0.1,2,true,0.25,0.0353356890459364,0.375,0.0530035335689046,0,1.6666666666666667,0.35335689045936397,0.05,0.4079555317515253,0.7067137809187279
0.44504609980974685,0.006576783952647156,4,true,0.25,0.005853944094833895,0.4166666666666667,0.0029269720474169474,0,3,0.00048125156978246413,0.013153567905294311,0.5234594551462254,0.0009625031395649283
2.0062893081761004,0.21943573667711602,14,false,0.3,0.25157232704402516,0.6333333333333333,0.44025157232704404,0,2,0.19715699611600718,0.37617554858934177,0.4484239956789192,0.39431399223201435
0.36888586956521735,0.20718232044198895,13,true,0.2962962962962963,0.050951086956521736,0.2222222222222222,0.07642663043478261,0,2,0.0031277524221314757,0.06906077348066299,0.4537192741355963,0.0062555048442629515
4.072815533980583,0.29797377830750893,2,false,0.3333333333333333,1.2135922330097089,0.6666666666666666,3.6407766990291264,0,2,1,0.29797377830750893,0.6352499040593529,2
2.83,0.6183745583038869,16,false,0.2692307692307692,1.75,0.34615384615384615,1,0,2.25,0.35335689045936397,0.7067137809187279,0.45148033083510325,0.7067137809187279
0.44504609980974685,0.006576783952647156,2,true,0.2222222222222222,0.0029269720474169474,0.2222222222222222,0.0014634860237084737,0,2,0.00048125156978246413,0.013153567905294311,0.7059711895880756,0.0009625031395649283
0.44504609980974685,0.0295955277869122,12,false,0.25,0.017561832284501682,0.40625,0.02634274842675252,0,2.2,0.00048125156978246413,0.0295955277869122,0.45569621693064877,0.0009625031395649283
0.44504609980974685,0.03452811575139757,7,true,0.22727272727272727,0.010976145177813552,0.45454545454545453,0.015366603248938973,0,2.142857142857143,0.00048125156978246413,0.0147977638934561,0.4375747562679033,0.0009625031395649283
1.603577747198742,0.004903523181405841,18,true,0.2727272727272727,0.006880283074503638,0.42424242424242425,0.008846078238647534,0,2.3,0.00024098305393187736,0.00551646357908157,0.4953033999327016,0.0004819661078637547
0.33292458614347026,0.32228360957642727,26,false,0.36,0.09196811771919068,0.08,0.09196811771919068,0,1.7777777777777777,0.011291358835996402,0.27624309392265195,0.4941746444469108,0.022582717671992804
0.44504609980974685,0,1,true,0.3333333333333333,0.0007317430118542369,0.3333333333333333,0.0014634860237084737,0,2,0.00048125156978246413,0,0.4526201905276377,0.0009625031395649283
2.0062893081761004,0.09404388714733543,1,true,0.16666666666666666,0.09433962264150943,0.16666666666666666,0.09433962264150943,0,2,0.19715699611600718,0.09404388714733543,0.3940098111490888,0.39431399223201435
1.603577747198742,0,4,true,0.15384615384615385,0.00589738549243169,0.7692307692307693,0.0019657951641438966,0.07692307692307693,2.25,0.00024098305393187736,0.00306470198837865,0.49256121221456034,0.0004819661078637547
0.36888586956521735,0.13812154696132597,6,true,0.21052631578947367,0.016983695652173912,0.7368421052631579,0.042459239130434784,0.05263157894736842,2.1666666666666665,0.0031277524221314757,0.13812154696132597,0.497574274210154,0.0062555048442629515
0.35335689045936397,0.1,8,false,0.25,0.1413427561837456,0.45,0.0706713780918728,0,1.5,0.35335689045936397,0.30000000000000004,0.518744029331276,0.7067137809187279
2.83,0.0353356890459364,2,true,0.4,0,0.4,0.1,0,1.5,0.35335689045936397,0.0176678445229682,0.3571591791808098,0.7067137809187279
4.072815533980583,0.7151370679380216,22,false,0.25,4.368932038834952,0.28125,3.398058252427185,0,2.2,1,1.1918951132300357,0.44736217195394085,2
2.0062893081761004,0.23510971786833856,7,true,0.3125,0.18867924528301885,0.25,0.28301886792452824,0,2.2,0.19715699611600718,0.28213166144200624,0.47177767907780915,0.39431399223201435
1.603577747198742,0.0024517615907029204,1,true,0.5,0,0,0,0,1,0.00024098305393187736,0.0024517615907029204,0.276969292088099,0.0004819661078637547
0.44504609980974685,0.03946070371588293,15,true,0.2,0.01317137421337626,0.5333333333333333,0.015366603248938973,0.06666666666666667,2,0.00048125156978246413,0.0443932916803683,0.5407315374558957,0.0009625031395649283
4.072815533980583,0.29797377830750893,0,true,0,0,0,1.2135922330097089,0,1,1,0,0.15390300156148623,2
0.44504609980974685,0.046037487668530094,29,false,0.3103448275862069,0.02341577637933558,0.13793103448275862,0.020488804331918634,0,2.2222222222222223,0.00048125156978246413,0.046037487668530094,0.5495147923088631,0.0009625031395649283
0.35335689045936397,0.6000000000000001,6,false,0.2631578947368421,0.0706713780918728,0.3684210526315789,0.1060070671378092,0,2.1666666666666665,0.35335689045936397,0.8,0.5302369920743835,0.7067137809187279
2.0062893081761004,0.09404388714733544,5,false,0.19047619047619047,0.31446540880503143,0.42857142857142855,0.06289308176100629,0,2,0.19715699611600718,0.04702194357366772,0.5112244751401652,0.39431399223201435
2.0062893081761004,0.12539184952978058,2,false,0.18181818181818182,0.12578616352201258,0.18181818181818182,0.18867924528301888,0,1.75,0.19715699611600718,0.06269592476489029,0.3598664959941168,0.39431399223201435
0.35335689045936397,0,0,true,0,0.05300353356890459,1,0.05300353356890459,0,3,0.35335689045936397,0.3,0.3074940126626136,0.7067137809187279
0.36888586956521735,0.09208103130755065,11,true,0.23809523809523808,0,0.5714285714285714,0.033967391304347824,0,2.5,0.0031277524221314757,0.20257826887661146,0.46306810850289204,0.0062555048442629515
4.072815533980583,1.430274135876043,16,false,0.27586206896551724,8.009708737864077,0.4482758620689655,2.912621359223301,0,1.9,1,1.072705601907032,0.41613676982543535,2
0.35335689045936397,0.44999999999999996,3,true,0.2,0.21201413427561835,0.7333333333333333,0.21201413427561835,0,2,0.35335689045936397,0.6,0.4345440579715693,0.7067137809187279
0.36888586956521735,0.08287292817679559,18,true,0.2647058823529412,0.02717391304347826,0.3235294117647059,0.02377717391304348,0,2.4,0.0031277524221314757,0.09208103130755065,0.48479984068743376,0.0062555048442629515
0.33292458614347026,0.06445672191528547,26,false,0.28125,0.012262415695892093,0.25,0.033721643163703255,0,2.2,0.011291358835996402,0.09208103130755065,0.5378550272405871,0.022582717671992804
1.603577747198742,0.0012258807953514602,0,true,0,0,0,0,0,1,0.00024098305393187736,0,0.02656169545761408,0.0004819661078637547
0.35335689045936397,0.2,2,true,0.08333333333333333,0.0530035335689046,0.3333333333333333,0.0530035335689046,0.08333333333333333,2,0.35335689045936397,0.1,0.5247473610819827,0.7067137809187279
0.44504609980974685,0.009865175928970732,16,true,0.2727272727272727,0.008780916142250841,0.4090909090909091,0.015366603248938973,0,2.142857142857143,0.00048125156978246413,0.0443932916803683,0.5452377965489792,0.0009625031395649283
4.072815533980583,0.05959475566150179,1,true,0.3333333333333333,0.24271844660194178,0.6666666666666666,0,0,2,1,0.05959475566150179,0.41798540455481703,2
0.33292458614347026,0,1,true,0.3333333333333333,0.012262415695892093,0.3333333333333333,0.006131207847946046,0,2,0.011291358835996402,0,0.2526161635557421,0.022582717671992804
4.072815533980583,0.5959475566150179,22,false,0.32,2.4271844660194177,0.2,5.339805825242719,0,2.125,1,0.4767580452920143,0.39705376415810284,2
0.36888586956521735,0.004604051565377533,1,true,0.25,0,0.5,0,0,3,0.0031277524221314757,0.0138121546961326,0.48403310035677055,0.0062555048442629515
2.83,0.0706713780918728,7,false,0.3181818181818182,0.30000000000000004,0.22727272727272727,0.25,0,2.142857142857143,0.35335689045936397,0.12367491166077739,0.46280653278168293,0.7067137809187279
0.33292458614347026,0.13812154696132597,14,true,0.26666666666666666,0.06437768240343349,0.23333333333333334,0.09196811771919068,0,2,0.011291358835996402,0.22099447513812154,0.4002246397315113,0.022582717671992804
2.0062893081761004,0.07836990595611286,6,true,0.25,0.9433962264150942,0.0625,0.7861635220125786,0,2.2,0.19715699611600718,0.31347962382445144,0.5556108915784372,0.39431399223201435
0.35335689045936397,0.15000000000000002,4,true,0.3333333333333333,0.0353356890459364,0.1111111111111111,0.0353356890459364,0,2,0.35335689045936397,0.1,0.404076100954992,0.7067137809187279
4.072815533980583,2.0858164481525625,25,false,0.2647058823529412,8.495145631067961,0.5,10.922330097087379,0,2.4,1,3.2777115613825987,0.3560886683093795,2
2.0062893081761004,0.06269592476489029,1,true,0.5,0,0,0.12578616352201258,0,1,0.19715699611600718,0,0.24502003642331016,0.39431399223201435
1.603577747198742,0.017162331134920442,4,true,0.18181818181818182,0.02358954196972676,0.7272727272727273,0.019657951641438964,0,1.75,0.00024098305393187736,0.009807046362811682,0.4919678185175161,0.0004819661078637547
4.072815533980583,0.5959475566150179,7,true,0.2222222222222222,4.8543689320388355,0.5555555555555556,8.495145631067961,0,2,1,1.4898688915375446,0.4169831174806938,2
0.33292458614347026,0.01841620626151013,1,true,0.3333333333333333,0.006131207847946046,0,0,0,2,0.011291358835996402,0.01841620626151013,0.35506976129112744,0.022582717671992804
2.0062893081761004,0.18808777429467086,4,true,0.25,0,0.5833333333333334,0.5660377358490565,0,2,0.19715699611600718,0.09404388714733543,0.4188941526662068,0.39431399223201435
2.0062893081761004,0.25078369905956116,11,true,0.25,0.6289308176100629,0.7083333333333334,1.2578616352201257,0.041666666666666664,2,0.19715699611600718,0.31347962382445144,0.5204775438973579,0.39431399223201435
0.44504609980974685,0.026307135810588623,1,true,0.07692307692307693,0.008780916142250843,0.6153846153846154,0.014634860237084737,0,2.25,0.00048125156978246413,0.006576783952647156,0.5228322262240945,0.0009625031395649283
0.33292458614347026,0.06445672191528547,5,true,0.16666666666666666,0.00919681177191907,0.3888888888888889,0.01839362354383814,0.05555555555555555,2,0.011291358835996402,0.01841620626151013,0.5154193249521308,0.022582717671992804
0.35335689045936397,0.25,13,false,0.35294117647058826,0.35335689045936397,0.23529411764705882,0.6183745583038869,0,1.4285714285714286,0.35335689045936397,1.25,0.45496036071691714,0.7067137809187279
0.35335689045936397,0.2,1,true,0.1111111111111111,0.2120141342756184,0.8888888888888888,0.1413427561837456,0,2,0.35335689045936397,0.6000000000000001,0.36258808654979013,0.7067137809187279
0.36888586956521735,0.0552486187845304,4,true,0.21052631578947367,0.0407608695652174,0.5263157894736842,0.04755434782608696,0,2.1666666666666665,0.0031277524221314757,0.0552486187845304,0.40623202542027326,0.0062555048442629515
0.33292458614347026,0.07366482504604052,1,true,0.25,0,0.25,0.012262415695892093,0,3,0.011291358835996402,0.03683241252302026,0.4462977074788023,0.022582717671992804
0.36888586956521735,0.0138121546961326,0,true,0,0.0016983695652173913,1,0,0,3,0.0031277524221314757,0,0.16019919403721716,0.0062555048442629515
2.0062893081761004,0.329153605015674,9,false,0.3,0.28301886792452824,0.4,0.5660377358490565,0,1.8571428571428572,0.19715699611600718,0.18808777429467086,0.4566310545642922,0.39431399223201435
2.0062893081761004,0.09404388714733544,5,false,0.25,0.25157232704402516,0.25,0.18867924528301888,0,2.2,0.19715699611600718,0.18808777429467088,0.6047429232838949,0.39431399223201435
0.36888586956521735,0.009208103130755065,5,false,0.1111111111111111,0.015285326086956522,0.16666666666666666,0.0033967391304347825,0.16666666666666666,2,0.0031277524221314757,0.02302025782688766,0.5136334212368766,0.0062555048442629515
0.35335689045936397,1.6,3,false,0.16666666666666666,0.2120141342756184,0.4444444444444444,0.35335689045936397,0,2.6,0.35335689045936397,0.4,0.37226800088011985,0.7067137809187279
1.603577747198742,0.004903523181405841,1,true,0.25,0,0.75,0.003931590328287793,0,1,0.00024098305393187736,0.0024517615907029204,0.3225560367071004,0.0004819661078637547
4.072815533980583,0,1,true,0.5,0,0,0.24271844660194178,0,1,1,0.05959475566150179,0.2292042286711031,2
0.33292458614347026,0.1841620626151013,8,true,0.3125,0.030656039239730228,0.3125,0.07664009809932558,0,2.2,0.011291358835996402,0.23020257826887663,0.5221600484194151,0.022582717671992804
4.072815533980583,1.072705601907032,8,true,0.2777777777777778,1.4563106796116505,0.4444444444444444,2.912621359223301,0,2,1,1.072705601907032,0.49659412899817534,2
0.44504609980974685,0.004932587964485366,1,true,0.3333333333333333,0,0.3333333333333333,0.0021952290355627103,0,2,0.00048125156978246413,0.004932587964485366,0.44370431500202107,0.0009625031395649283
4.072815533980583,0.29797377830750893,5,false,0.1875,1.4563106796116507,0.5625,0,0,2.2,1,0.29797377830750893,0.4001117941943124,2
0.33292458614347026,0.14732965009208104,9,true,0.3333333333333333,0.061312078479460456,0.3333333333333333,0.03678724708767628,0,1.5,0.011291358835996402,0.1104972375690608,0.3688603828396512,0.022582717671992804
2.83,0.0353356890459364,2,false,0.11764705882352941,0.8,0.5294117647058824,0.30000000000000004,0,1.8333333333333333,0.35335689045936397,0.17667844522968199,0.39357096505091216,0.7067137809187279
0.35335689045936397,0.30000000000000004,5,false,0.25,0.1413427561837456,0.25,0.1060070671378092,0,2,0.35335689045936397,0.2,0.38868350080658143,0.7067137809187279
1.603577747198742,0.0122588079535146,7,true,0.21428571428571427,0.03931590328287793,0.4642857142857143,0.06388834283467663,0,1.8,0.00024098305393187736,0.00919410596513595,0.5152820836747841,0.0004819661078637547
0.44504609980974685,0.029595527786912202,23,true,0.32142857142857145,0.01170788818966779,0.39285714285714285,0.007317430118542368,0,2.111111111111111,0.00048125156978246413,0.019730351857941468,0.5065343055410422,0.0009625031395649283
0.33292458614347026,0.19337016574585636,11,false,0.23076923076923078,0.06437768240343349,0.23076923076923078,0.05518087063151441,0,1.8888888888888888,0.011291358835996402,0.16574585635359115,0.3639758542461915,0.022582717671992804
2.83,0.4240282685512368,20,false,0.30434782608695654,0.4,0.43478260869565216,1,0,2.2857142857142856,0.35335689045936397,0.7067137809187279,0.4539862927843602,0.7067137809187279
0.35335689045936397,0.6000000000000001,14,false,0.3684210526315789,0.1413427561837456,0.3684210526315789,0.5653710247349824,0,1.7142857142857142,0.35335689045936397,1.2000000000000002,0.4324636110046149,0.7067137809187279
0.36888586956521735,0.09208103130755065,12,false,0.2,0.04755434782608696,0.4666666666666667,0.05434782608695652,0,2,0.0031277524221314757,0.1841620626151013,0.5706075345212271,0.0062555048442629515
0.36888586956521735,0.0138121546961326,4,true,0.14285714285714285,0.0033967391304347825,0.5714285714285714,0.01019021739130435,0.14285714285714285,1.3333333333333333,0.0031277524221314757,0.0138121546961326,0.5555672773377582,0.0062555048442629515
1.603577747198742,0.00306470198837865,12,true,0.3181818181818182,0.008846078238647534,0.22727272727272727,0.004914487910359741,0,2.142857142857143,0.00024098305393187736,0.0018388211930271904,0.5183608790702968,0.0004819661078637547
4.072815533980583,2.0858164481525625,13,false,0.2222222222222222,9.708737864077671,0.4074074074074074,6.067961165048544,0,2.375,1,2.0858164481525625,0.3764024267448512,2
4.072815533980583,0.11918951132300358,3,true,0.3333333333333333,0.9708737864077671,0.16666666666666666,0.9708737864077671,0,2,1,0.11918951132300358,0.6073538531807264,2
0.33292458614347026,0.08287292817679558,4,true,0.375,0.018393623543838136,0.25,0.018393623543838136,0,1.6666666666666667,0.011291358835996402,0.027624309392265192,0.4646542343055999,0.022582717671992804
0.44504609980974685,0.008220979940808944,2,true,0.2857142857142857,0.010976145177813552,0.5714285714285714,0.003658715059271184,0,1.3333333333333333,0.00048125156978246413,0.01644195988161789,0.3451207362175527,0.0009625031395649283
1.603577747198742,0.003677642386054381,15,true,0.34782608695652173,0.013760566149007275,0.17391304347826086,0.013760566149007275,0,1.5555555555555556,0.00024098305393187736,0.007355284772108762,0.5241879888037588,0.0004819661078637547
0.35335689045936397,0.4,12,true,0.38461538461538464,0.1060070671378092,0.38461538461538464,0.1413427561837456,0,1.6,0.35335689045936397,0.2,0.5303607821686513,0.7067137809187279
4.072815533980583,0.23837902264600716,1,true,0.3333333333333333,0,0,1.9417475728155342,0,2,1,0,0.167822020654663,2
1.603577747198742,0.0012258807953514602,14,true,0.3684210526315789,0.002948692746215845,0.21052631578947367,0.006880283074503638,0,1.7142857142857142,0.00024098305393187736,0.004290582783730111,0.4644311342164492,0.0004819661078637547
4.072815533980583,0.8939213349225269,25,false,0.34782608695652173,4.368932038834951,0.2608695652173913,4.368932038834951,0,1.5555555555555556,1,1.072705601907032,0.5969812729539153,2
0.44504609980974685,0.009865175928970732,3,true,0.18181818181818182,0.008780916142250841,0.2727272727272727,0.0043904580711254205,0,2.6666666666666665,0.00048125156978246413,0.0147977638934561,0.5377711737013459,0.0009625031395649283
0.33292458614347026,0.19337016574585636,19,true,0.28,0.09196811771919068,0.16,0.03678724708767627,0,2.5714285714285716,0.011291358835996402,0.11049723756906077,0.5748663023653385,0.022582717671992804
0.35335689045936397,0.5,13,false,0.2857142857142857,0.17667844522968199,0.19047619047619047,0.24734982332155478,0,2.5,0.35335689045936397,0.4,0.42682709210109665,0.7067137809187279
0.36888586956521735,0.09208103130755065,12,false,0.23333333333333334,0.05434782608695652,0.5666666666666667,0.07472826086956522,0,2,0.0031277524221314757,0.1104972375690608,0.4005943801908532,0.0062555048442629515
1.603577747198742,0.00306470198837865,2,true,0.25,0.014743463731079222,0.5,0.014743463731079222,0,1.6666666666666667,0.00024098305393187736,0.00306470198837865,0.5275436512484999,0.0004819661078637547
0.33292458614347026,0.03683241252302026,1,true,0.25,0,0.75,0.012262415695892093,0,3,0.011291358835996402,0,0.5793165916755886,0.022582717671992804
4.072815533980583,0.5959475566150179,5,false,0.375,4.8543689320388355,0.125,1.2135922330097089,0,1.6666666666666667,1,0.29797377830750893,0.6610813395281786,2
1.603577747198742,0.00919410596513595,22,true,0.34615384615384615,0.026538234715942598,0.2692307692307692,0.014743463731079222,0,1.8888888888888888,0.00024098305393187736,0.01287174835119033,0.5558660267723731,0.0004819661078637547
4.072815533980583,1.2514898688915377,4,false,0.16666666666666666,2.912621359223301,0.4444444444444444,4.368932038834951,0.05555555555555555,2,1,0.17878426698450536,0.41658454819173557,2
0.44504609980974685,0.009865175928970734,3,true,0.2727272727272727,0,0.36363636363636365,0.0029269720474169474,0,2.6666666666666665,0.00048125156978246413,0.001644195988161789,0.40977981456632645,0.0009625031395649283
0.36888586956521735,0.14732965009208104,17,true,0.3333333333333333,0.033967391304347824,0.14285714285714285,0.01358695652173913,0,1.625,0.0031277524221314757,0.1104972375690608,0.5380449366569867,0.0062555048442629515
0.35335689045936397,0,1,true,0.25,0.26501766784452296,0.25,0.08833922261484099,0,3,0.35335689045936397,0,0.44240014040502873,0.7067137809187279
2.0062893081761004,0.10971786833855801,9,false,0.2727272727272727,0.18867924528301888,0.22727272727272727,0.18867924528301888,0,2.6666666666666665,0.19715699611600718,0.04702194357366772,0.4753455113458729,0.39431399223201435
0.35335689045936397,0.2,1,true,0.25,0.0706713780918728,0,0,0,3,0.35335689045936397,0.4,0.34399763945264716,0.7067137809187279
2.83,0.10600706713780918,6,true,0.3076923076923077,0.44999999999999996,0.15384615384615385,0.44999999999999996,0,2.25,0.35335689045936397,0.26501766784452296,0.37363976534567533,0.7067137809187279
0.36888586956521735,0.03683241252302026,9,true,0.3333333333333333,0.016983695652173912,0.4444444444444444,0.01019021739130435,0,2,0.0031277524221314757,0.0552486187845304,0.44999201922119114,0.0062555048442629515
4.072815533980583,1.4898688915375446,20,false,0.3333333333333333,12.135922330097088,0.3333333333333333,4.8543689320388355,0,1.7,1,2.3837902264600714,0.45891599594778776,2
2.83,0.2120141342756184,15,false,0.2916666666666667,0.5,0.2916666666666667,0.5,0,2,0.35335689045936397,0.2826855123674912,0.4127936772514702,0.7067137809187279
0.33292458614347026,0.27624309392265195,15,true,0.3333333333333333,0.09196811771919068,0.2916666666666667,0.09196811771919068,0,2,0.011291358835996402,0.27624309392265195,0.4353852693614861,0.022582717671992804
0.33292458614347026,0.3683241252302026,13,true,0.3181818181818182,0.03678724708767628,0.13636363636363635,0.07357449417535256,0,1.4444444444444444,0.011291358835996402,0.1104972375690608,0.3181412627193531,0.022582717671992804
0.36888586956521735,0,1,true,0.25,0.016983695652173912,0.5,0,0,3,0.0031277524221314757,0.04604051565377532,0.39021289003123133,0.0062555048442629515
0.36888586956521735,0.055248618784530384,7,true,0.2631578947368421,0.03057065217391304,0.5789473684210527,0.03057065217391304,0,2.1666666666666665,0.0031277524221314757,0.04143646408839779,0.4786720514605551,0.0062555048442629515
1.603577747198742,0.00306470198837865,6,true,0.25,0.003931590328287793,0.1875,0.002948692746215845,0,2.2,0.00024098305393187736,0.0024517615907029204,0.46216501706414026,0.0004819661078637547
2.0062893081761004,0.43887147335423204,10,false,0.28,1.0062893081761006,0.44,0.7547169811320755,0,1.7777777777777777,0.19715699611600718,0.25078369905956116,0.3826952405366351,0.39431399223201435
2.83,0.31802120141342755,9,false,0.23809523809523808,0.15,0.14285714285714285,1.2,0,2,0.35335689045936397,0.31802120141342755,0.4416648350945793,0.7067137809187279
4.072815533980583,0.11918951132300358,1,true,0,0.48543689320388356,1,0.9708737864077671,0.125,1.6666666666666667,1,0.4767580452920143,0.3914912286598069,2
0.33292458614347026,0.13812154696132597,11,true,0.28,0.12262415695892091,0.68,0.16860821581851626,0,2.125,0.011291358835996402,0.13812154696132597,0.3667280657233343,0.022582717671992804
0.33292458614347026,0.2209944751381216,13,true,0.36,0.07357449417535256,0.16,0.061312078479460456,0,1.7777777777777777,0.011291358835996402,0.2946593001841621,0.3584734111789615,0.022582717671992804
4.072815533980583,0.4767580452920143,7,false,0.3076923076923077,0.9708737864077671,0.23076923076923078,1.9417475728155342,0,1.6,1,0.3575685339690108,0.3587320108596551,2
0.33292458614347026,0.01841620626151013,2,true,0.2857142857142857,0.003065603923973023,0.5714285714285714,0.00919681177191907,0,2.5,0.011291358835996402,0.009208103130755065,0.46947860451001566,0.022582717671992804
2.83,0.1413427561837456,6,false,0.3333333333333333,0.6000000000000001,0.1111111111111111,0.6000000000000001,0,2,0.35335689045936397,0.0706713780918728,0.5064332318033086,0.7067137809187279
2.83,0.10600706713780918,11,false,0.2916666666666667,1.3499999999999999,0.25,0.44999999999999996,0,2.4285714285714284,0.35335689045936397,0.5300353356890459,0.4009650309132689,0.7067137809187279
0.35335689045936397,0,1,true,0.25,0.08833922261484099,0.75,0,0,3,0.35335689045936397,0.75,0.34620047366771,0.7067137809187279
0.33292458614347026,0.027624309392265192,1,true,0.16666666666666666,0,0,0.027590435315757205,0,2,0.011291358835996402,0.055248618784530384,0.36412828638546096,0.022582717671992804
0.36888586956521735,0,1,true,0.3333333333333333,0.016983695652173912,0.6666666666666666,0,0,2,0.0031277524221314757,0.02302025782688766,0.35533662069198374,0.0062555048442629515
0.36888586956521735,0.04604051565377532,2,true,0.3333333333333333,0.016983695652173912,0.5,0,0,2,0.0031277524221314757,0.04604051565377532,0.4213539285590794,0.0062555048442629515
0.35335689045936397,0.25,1,true,0.2,0.08833922261484099,0.4,0.08833922261484099,0,1.5,0.35335689045936397,0.5,0.4464838487520235,0.7067137809187279
0.33292458614347026,0,3,true,0.25,0.027590435315757205,0.3333333333333333,0.04598405885959534,0,3,0.011291358835996402,0.11049723756906077,0.4013948449737581,0.022582717671992804
1.603577747198742,0.0024517615907029204,1,true,0.25,0,0.75,0.003931590328287793,0,1,0.00024098305393187736,0.004903523181405841,0.3547227463878765,0.0004819661078637547
0.36888586956521735,0.055248618784530384,6,true,0.25,0.020380434782608692,0.125,0.03057065217391304,0,1.6666666666666667,0.0031277524221314757,0.027624309392265192,0.41205510396626843,0.0062555048442629515
2.83,0.0706713780918728,3,true,0.3333333333333333,0.30000000000000004,0.3333333333333333,0.1,0,2,0.35335689045936397,0.1060070671378092,0.4710895143930523,0.7067137809187279
4.072815533980583,0.3575685339690107,6,false,0.25,2.912621359223301,0.0625,3.6407766990291264,0,2.2,1,0.8939213349225269,0.37710954381666956,2
2.83,0,1,true,0.25,0,0.75,0.75,0,3,0.35335689045936397,0.08833922261484099,0.28607932586560264,0.7067137809187279
1.603577747198742,0.0012258807953514602,2,true,0.2857142857142857,0.007863180656575586,0,0.0019657951641438966,0,2.5,0.00024098305393187736,0.0012258807953514602,0.3725722590655655,0.0004819661078637547
2.0062893081761004,0.31347962382445144,19,false,0.3333333333333333,0.6289308176100629,0.2916666666666667,1.4150943396226414,0,1.6666666666666667,0.19715699611600718,0.54858934169279,0.5110192839190403,0.39431399223201435
0.33292458614347026,0.3683241252302026,12,true,0.2916666666666667,0.12262415695892091,0.16666666666666666,0.061312078479460456,0,2,0.011291358835996402,0.1841620626151013,0.4157906381115559,0.022582717671992804
2.83,0.35335689045936397,2,true,0.2857142857142857,0.5,0.42857142857142855,0.25,0,2.5,0.35335689045936397,0,0.31205551503517054,0.7067137809187279
0.33292458614347026,0.06445672191528547,16,true,0.25,0.03678724708767628,0.32142857142857145,0.015328019619865114,0,2.111111111111111,0.011291358835996402,0.03683241252302026,0.46358709929372266,0.022582717671992804
2.83,0.0353356890459364,3,true,0.3333333333333333,0.4,0.2222222222222222,0.1,0,2,0.35335689045936397,0.1060070671378092,0.3571708008795991,0.7067137809187279
4.072815533980583,0.29797377830750893,1,true,0.25,2.4271844660194177,0.5,0,0,3,1,0.29797377830750893,0.2883022871665224,2
4.072815533980583,0.05959475566150179,2,false,0.13333333333333333,0.9708737864077671,0.4,1.2135922330097089,0,2,1,0.29797377830750893,0.572957523260482,2
1.603577747198742,0.01287174835119033,28,true,0.3333333333333333,0.029486927462158443,0.43333333333333335,0.017692156477295065,0,2,0.00024098305393187736,0.01287174835119033,0.4965660530182411,0.0004819661078637547
2.83,0,2,true,0.3333333333333333,0,0,0.1,0,2,0.35335689045936397,0.17667844522968199,0.35054770288741716,0.7067137809187279
2.83,0.0706713780918728,5,false,0.2,0.45,0.3,0.1,0,2.3333333333333335,0.35335689045936397,0.08833922261484099,0.4922611128773604,0.7067137809187279
0.33292458614347026,0.01841620626151013,1,true,0.14285714285714285,0.006131207847946046,0.7142857142857143,0.006131207847946046,0,2.5,0.011291358835996402,0.009208103130755065,0.5235234605197572,0.022582717671992804
4.072815533980583,0.23837902264600716,8,false,0.29411764705882354,2.4271844660194177,0.11764705882352941,2.4271844660194177,0,1.8333333333333333,1,0.5959475566150179,0.5974665990083559,2
2.0062893081761004,0.37617554858934177,6,true,0.2222222222222222,0.5031446540880503,0.3888888888888889,0.6289308176100629,0.05555555555555555,2,0.19715699611600718,0.18808777429467088,0.4338791014418912,0.39431399223201435
0.35335689045936397,0,0,true,0,0,1,0.0706713780918728,0,2,0.35335689045936397,0.1,0.2430162725891715,0.7067137809187279
2.83,0.2826855123674912,13,false,0.2857142857142857,0.4,0.10714285714285714,1.1,0,2.111111111111111,0.35335689045936397,0.17667844522968199,0.4994032057009764,0.7067137809187279
2.83,0.0353356890459364,4,false,0.2,0.2,0.6,0.25,0.06666666666666667,2,0.35335689045936397,0.0706713780918728,0.49957257607405103,0.7067137809187279
2.83,0.26501766784452296,9,false,0.23809523809523808,0.6,0.3333333333333333,0.6,0,2,0.35335689045936397,0.4240282685512367,0.39770372550350447,0.7067137809187279
0.35335689045936397,0.4,1,true,0.25,0.0706713780918728,0.5,0,0,3,0.35335689045936397,0.2,0.39767919353561804,0.7067137809187279
0.33292458614347026,0.14732965009208104,22,true,0.26666666666666666,0.07357449417535256,0.5,0.024524831391784185,0,2,0.011291358835996402,0.1104972375690608,0.48610067980023836,0.022582717671992804
2.0062893081761004,0.23510971786833856,6,true,0.3125,0.4716981132075471,0.1875,0.7861635220125786,0,1.2857142857142858,0.19715699611600718,0.39184952978056425,0.5084934271066376,0.39431399223201435
2.0062893081761004,0.14106583072100315,15,true,0.21875,0.25157232704402516,0.59375,0.3459119496855346,0,2.2,0.19715699611600718,0.06269592476489029,0.5289578409629067,0.39431399223201435
0.36888586956521735,0.0138121546961326,6,true,0.21052631578947367,0.01358695652173913,0.5263157894736842,0.006793478260869565,0,2.1666666666666665,0.0031277524221314757,0.01841620626151013,0.49105468151465453,0.0062555048442629515
0.44504609980974685,0.014797763893456101,14,true,0.25,0.004390458071125421,0.5,0.004390458071125421,0,1.8,0.00048125156978246413,0.011509371917132524,0.5041623646291324,0.0009625031395649283
0.33292458614347026,0.46040515653775327,21,false,0.2727272727272727,0.07664009809932558,0.42424242424242425,0.15328019619865116,0,2.3,0.011291358835996402,0.3683241252302026,0.6163364149938789,0.022582717671992804
2.83,0.5653710247349824,27,false,0.32142857142857145,1,0.14285714285714285,0.8,0,2.111111111111111,0.35335689045936397,0.7773851590106008,0.5173996220966167,0.7067137809187279
2.83,0.0353356890459364,1,true,0.25,0.1,0.5,0.1,0,1,0.35335689045936397,0.0353356890459364,0.5383053386057748,0.7067137809187279
0.33292458614347026,0.12891344383057093,13,true,0.21875,0.05518087063151442,0.375,0.05518087063151442,0.03125,2.5555555555555554,0.011291358835996402,0.12891344383057093,0.4517714268652673,0.022582717671992804
0.44504609980974685,0.009865175928970732,4,true,0.36363636363636365,0.00658568710668813,0.18181818181818182,0.00658568710668813,0,1.75,0.00048125156978246413,0.0147977638934561,0.38730028152644613,0.0009625031395649283
4.072815533980583,0.5959475566150179,2,false,0.2857142857142857,2.4271844660194177,0.14285714285714285,2.4271844660194177,0,2.5,1,0.29797377830750893,0.34417618953111034,2
0.35335689045936397,0.2,5,false,0.1875,0.0706713780918728,0.25,0.1060070671378092,0.125,1.6666666666666667,0.35335689045936397,0.1,0.40714318556975865,0.7067137809187279
1.603577747198742,0.0012258807953514602,5,true,0.3,0.003931590328287793,0.2,0.0019657951641438966,0,2.3333333333333335,0.00024098305393187736,0.0012258807953514602,0.6188737926800333,0.0004819661078637547
2.0062893081761004,0.07836990595611286,15,false,0.32142857142857145,0.25157232704402516,0.25,0.2830188679245283,0,2.111111111111111,0.19715699611600718,0.09404388714733544,0.5016749171055541,0.39431399223201435
4.072815533980583,1.072705601907032,20,false,0.32,5.0970873786407775,0.24,5.0970873786407775,0,1.7777777777777777,1,0.8939213349225269,0.46383415683406143,2
2.83,0.26501766784452296,8,false,0.19047619047619047,0.5,0.19047619047619047,1.5,0.047619047619047616,1.625,0.35335689045936397,0.8833922261484098,0.4672724846615172,0.7067137809187279
0.35335689045936397,0.1,1,true,0.3333333333333333,0.0353356890459364,0,0,0,2,0.35335689045936397,0.1,0.4010769938637035,0.7067137809187279
0.35335689045936397,0.75,7,false,0.2857142857142857,0.4416961130742049,0.47619047619047616,0.6183745583038869,0,2,0.35335689045936397,1.5,0.4134357668329923,0.7067137809187279
0.35335689045936397,0.1,3,true,0.3333333333333333,0,0.3333333333333333,0.1413427561837456,0,2,0.35335689045936397,0.1,0.35731975063973703,0.7067137809187279
2.0062893081761004,0.06269592476489029,1,true,0.09090909090909091,0.5031446540880503,0.45454545454545453,0.12578616352201258,0,1.75,0.19715699611600718,0.31347962382445144,0.322100719513024,0.39431399223201435
1.603577747198742,0.0122588079535146,11,true,0.25,0.019657951641438964,0.65,0.01179477098486338,0.05,1.5,0.00024098305393187736,0.017162331134920442,0.5280644175200261,0.0004819661078637547
0.33292458614347026,0.09208103130755065,4,true,0.3333333333333333,0.04598405885959534,0.1111111111111111,0,0,2,0.011291358835996402,0.1841620626151013,0.4237101598499213,0.022582717671992804
1.603577747198742,0.021452913918650552,19,true,0.3076923076923077,0.03931590328287793,0.11538461538461539,0.029486927462158443,0,1.8888888888888888,0.00024098305393187736,0.01532350994189325,0.5261785176657938,0.0004819661078637547
0.35335689045936397,0.8999999999999999,6,true,0.26666666666666666,0.21201413427561835,0.2,0,0,2.75,0.35335689045936397,0.75,0.593945256328361,0.7067137809187279
1.603577747198742,0.00919410596513595,12,true,0.23809523809523808,0.017692156477295065,0.7142857142857143,0.017692156477295065,0.047619047619047616,2,0.00024098305393187736,0.00735528477210876,0.5157239553727695,0.0004819661078637547
2.83,0,1,false,0.08333333333333333,0.25,0.5,0.15000000000000002,0,1.4,0.35335689045936397,0.0706713780918728,0.45566309422939305,0.7067137809187279
0.44504609980974685,0.019730351857941468,7,true,0.29411764705882354,0.007317430118542368,0.29411764705882354,0.004390458071125421,0,1.8333333333333333,0.00048125156978246413,0.009865175928970734,0.47815785682559414,0.0009625031395649283
2.83,0.1413427561837456,10,false,0.2727272727272727,0.6000000000000001,0.22727272727272727,0.5,0,1.2,0.35335689045936397,0.24734982332155478,0.48992081894089184,0.7067137809187279
1.603577747198742,0,1,true,0.5,0.007863180656575586,0.5,0,0,1,0.00024098305393187736,0,0.010890743199625448,0.0004819661078637547
2.0062893081761004,0.31347962382445144,9,false,0.3333333333333333,1.10062893081761,0.5,0.7861635220125786,0,2,0.19715699611600718,0.15673981191222572,0.3638421357681594,0.39431399223201435
4.072815533980583,0.11918951132300358,1,true,0.125,1.2135922330097089,0.25,0.24271844660194178,0,3,1,0,0.4496549464854626,2
0.35335689045936397,1.5,12,false,0.25925925925925924,0.7067137809187279,0.5925925925925926,0.4416961130742049,0,2,0.35335689045936397,2,0.47234462771198904,0.7067137809187279
2.0062893081761004,0.18808777429467088,18,false,0.3076923076923077,0.31446540880503143,0.3076923076923077,0.5660377358490566,0,1.8888888888888888,0.19715699611600718,0.18808777429467088,0.47885221900833863,0.39431399223201435
2.83,0.1413427561837456,15,false,0.25806451612903225,0.15000000000000002,0.5161290322580645,0.45,0,2.1,0.35335689045936397,0.1943462897526502,0.4842429419132214,0.7067137809187279
0.33292458614347026,0.04604051565377532,4,true,0.2727272727272727,0.015328019619865114,0.2727272727272727,0.061312078479460456,0,2.6666666666666665,0.011291358835996402,0.23020257826887663,0.47517275679884113,0.022582717671992804
0.35335689045936397,0.1,1,true,0.3333333333333333,0.0353356890459364,0.6666666666666666,0.0353356890459364,0,2,0.35335689045936397,0,0.3148436956464326,0.7067137809187279
0.44504609980974685,0.013153567905294311,14,true,0.3333333333333333,0.020488804331918634,0.4444444444444444,0.017561832284501686,0,2,0.00048125156978246413,0.019730351857941468,0.4983756925815529,0.0009625031395649283
0.33292458614347026,0.24861878453038672,13,true,0.2413793103448276,0.07357449417535254,0.4827586206896552,0.06437768240343349,0,2.625,0.011291358835996402,0.13812154696132597,0.42546398221895465,0.022582717671992804
0.35335689045936397,0.4,4,true,0.2,0.1060070671378092,0.6666666666666666,0.24734982332155478,0,2.75,0.35335689045936397,0.1,0.459598946623656,0.7067137809187279
1.603577747198742,0.003677642386054381,11,true,0.3,0.0019657951641438966,0.15,0.00589738549243169,0,1.8571428571428572,0.00024098305393187736,0.003677642386054381,0.4508817778401271,0.0004819661078637547
0.33292458614347026,0.3683241252302026,11,false,0.2692307692307692,0.15328019619865116,0.19230769230769232,0.061312078479460456,0,1.8888888888888888,0.011291358835996402,0.1841620626151013,0.44035564007281186,0.022582717671992804
4.072815533980583,0.11918951132300358,8,false,0.3333333333333333,3.398058252427185,0.2,1.9417475728155342,0,2,1,0.3575685339690108,0.5400283070606857,2
2.83,0.12367491166077739,24,false,0.2647058823529412,0.55,0.23529411764705882,0.5,0,2.7777777777777777,0.35335689045936397,0.1060070671378092,0.46212958828026035,0.7067137809187279
4.072815533980583,0,6,false,0.3333333333333333,2.912621359223301,0.16666666666666666,3.6407766990291264,0,2,1,0.536352800953516,0.4660877878719286,2
4.072815533980583,0.3575685339690108,15,false,0.25806451612903225,3.398058252427185,0.41935483870967744,0.9708737864077671,0,2.4444444444444446,1,0.4171632896305126,0.4559782162826783,2
0.35335689045936397,0.35000000000000003,14,false,0.25925925925925924,0.12367491166077739,0.5555555555555556,0.0706713780918728,0,2,0.35335689045936397,0.45,0.5267643866807419,0.7067137809187279
0.35335689045936397,0.25,4,false,0.2,0.1060070671378092,0.6666666666666666,0.0176678445229682,0,2.75,0.35335689045936397,0.15000000000000002,0.5619192779378749,0.7067137809187279
2.83,0.31802120141342755,6,false,0.25,0.75,0.4375,0.44999999999999996,0,1.6666666666666667,0.35335689045936397,0.10600706713780918,0.45677679249941655,0.7067137809187279
1.603577747198742,0.00551646357908157,20,false,0.38095238095238093,0.008846078238647533,0.42857142857142855,0.026538234715942598,0,1.625,0.00024098305393187736,0.01103292715816314,0.3983515635562332,0.0004819661078637547
0.33292458614347026,0,7,true,0.2222222222222222,0.006131207847946046,0.4444444444444444,0.05518087063151442,0,2,0.011291358835996402,0.14732965009208104,0.35652036887393856,0.022582717671992804
1.603577747198742,0.01532350994189325,12,true,0.2692307692307692,0.04423039119323767,0.34615384615384615,0.024572439551798705,0,2.25,0.00024098305393187736,0.021452913918650552,0.5378470765303159,0.0004819661078637547
4.072815533980583,0.4767580452920143,5,true,0.26666666666666666,3.8834951456310685,0.4,5.825242718446603,0,2,1,0.7151370679380216,0.393019869784724,2
0.35335689045936397,0.6000000000000001,33,false,0.3333333333333333,0.49469964664310956,0.25925925925925924,0.5653710247349824,0,2,0.35335689045936397,1.8,0.5817891521622298,0.7067137809187279
1.603577747198742,0.004903523181405841,14,true,0.35,0.0009828975820719483,0.25,0.004914487910359741,0,1.8571428571428572,0.00024098305393187736,0.003677642386054381,0.3921871218932814,0.0004819661078637547
2.83,0.17667844522968199,3,true,0.13636363636363635,2.25,0.09090909090909091,1.5,0,2.142857142857143,0.35335689045936397,0.4416961130742049,0.4931487476775616,0.7067137809187279
2.83,0.0706713780918728,1,true,0.09090909090909091,0.4,0.36363636363636365,0.8,0,1.75,0.35335689045936397,0.2826855123674912,0.35758193862638954,0.7067137809187279
2.0062893081761004,0.3448275862068966,12,false,0.25925925925925924,0.25157232704402516,0.5925925925925926,0.44025157232704404,0,2.375,0.19715699611600718,0.15673981191222572,0.43643075644118573,0.39431399223201435
0.44504609980974685,0.013153567905294311,9,true,0.3076923076923077,0.0029269720474169474,0.15384615384615385,0.008780916142250843,0,2.25,0.00048125156978246413,0.003288391976323578,0.4785732223531927,0.0009625031395649283
4.072815533980583,1.0727056019070322,16,false,0.20689655172413793,3.8834951456310685,0.5862068965517241,2.4271844660194177,0.06896551724137931,1.9,1,0.8343265792610252,0.49136360349145564,2
0.35335689045936397,1.6,5,false,0.23529411764705882,0.2120141342756184,0.47058823529411764,0.2826855123674912,0,1.8333333333333333,0.35335689045936397,0.4,0.4198758505112096,0.7067137809187279
0.44504609980974685,0.003288391976323578,1,true,0.16666666666666666,0.004390458071125421,0.6666666666666666,0.0014634860237084737,0,2,0.00048125156978246413,0.003288391976323578,0.5092541251227798,0.0009625031395649283
0.35335689045936397,0.8999999999999999,9,false,0.22727272727272727,0.26501766784452296,0.7272727272727273,0.15901060070671377,0,2.142857142857143,0.35335689045936397,1.2,0.4355931762270627,0.7067137809187279
4.072815533980583,0.4767580452920143,21,false,0.3103448275862069,1.2135922330097089,0.20689655172413793,2.4271844660194177,0,2.2222222222222223,1,0.3575685339690108,0.3959274391911458,2
2.83,0.0353356890459364,10,false,0.35294117647058826,0.6000000000000001,0.23529411764705882,0.7000000000000001,0,1.8333333333333333,0.35335689045936397,0.1060070671378092,0.523764088035291,0.7067137809187279
4.072815533980583,0.7151370679380216,3,true,0.2857142857142857,1.9417475728155342,0.2857142857142857,0.9708737864077671,0,2.5,1,0.23837902264600716,0.43079576457934277,2
4.072815533980583,0.8939213349225269,2,true,0.3333333333333333,2.4271844660194177,0.3333333333333333,1.2135922330097089,0,2,1,0,0.48529520162878326,2
2.83,0.05300353356890459,6,false,0.3125,0.6,0.5,1.05,0,2.2,0.35335689045936397,0.21201413427561835,0.4459743605312944,0.7067137809187279
0.36888586956521735,0.01841620626151013,8,true,0.3333333333333333,0.005095108695652175,0.08333333333333333,0.005095108695652175,0,2,0.0031277524221314757,0.009208103130755065,0.40029679201966134,0.0062555048442629515
2.83,0.7950530035335689,17,false,0.25925925925925924,1,0.5555555555555556,1.25,0,2.857142857142857,0.35335689045936397,0.7950530035335689,0.45842518911701996,0.7067137809187279
2.83,0.5300353356890459,14,false,0.2692307692307692,0.75,0.19230769230769232,0.8999999999999999,0,1.8888888888888888,0.35335689045936397,0.26501766784452296,0.4400620905841958,0.7067137809187279
0.35335689045936397,0.75,5,true,0.3076923076923077,0.26501766784452296,0.15384615384615385,0.35335689045936397,0,2.25,0.35335689045936397,0.75,0.5225718917717046,0.7067137809187279
4.072815533980583,0.3575685339690108,15,false,0.34782608695652173,3.398058252427185,0.2608695652173913,2.9126213592233015,0,1.875,1,0.8343265792610252,0.4243298376088408,2
2.0062893081761004,0.15673981191222572,21,false,0.2962962962962963,0.31446540880503143,0.18518518518518517,0.5031446540880503,0,1.7,0.19715699611600718,0.2821316614420063,0.5353143759577076,0.39431399223201435
4.072815533980583,0.8343265792610252,17,false,0.2962962962962963,3.8834951456310685,0.2222222222222222,3.398058252427185,0,2,1,0.5959475566150179,0.5193337711916963,2
1.603577747198742,0.0018388211930271904,5,true,0.3333333333333333,0.0019657951641438966,0.3333333333333333,0.0019657951641438966,0,2,0.00024098305393187736,0.00306470198837865,0.38508376882892026,0.0004819661078637547
1.603577747198742,0.00919410596513595,12,false,0.23076923076923078,0.04423039119323767,0.38461538461538464,0.04914487910359741,0.038461538461538464,1.8888888888888888,0.00024098305393187736,0.0122588079535146,0.5426406149308182,0.0004819661078637547
0.44504609980974685,0.008220979940808944,9,false,0.16129032258064516,0.008049173130396605,0.5806451612903226,0.003658715059271184,0,2.4444444444444446,0.00048125156978246413,0.01644195988161789,0.47949474395680036,0.0009625031395649283
0.35335689045936397,0.5,14,false,0.375,0.1413427561837456,0.25,0.1413427561837456,0,1.6666666666666667,0.35335689045936397,0.30000000000000004,0.49667304956836317,0.7067137809187279
4.072815533980583,0.11918951132300358,1,true,0.16666666666666666,0.48543689320388356,0.8333333333333334,0.9708737864077671,0,2,1,0.23837902264600716,0.41999675836071604,2
1.603577747198742,0.004903523181405841,4,true,0.23076923076923078,0.00589738549243169,0.5384615384615384,0.0019657951641438966,0,2.25,0.00024098305393187736,0.0061294039767573,0.3742956639980363,0.0004819661078637547
0.35335689045936397,1,9,false,0.3333333333333333,0.5300353356890459,0.2777777777777778,0.26501766784452296,0,2,0.35335689045936397,1.25,0.4238845519030629,0.7067137809187279
1.603577747198742,0,4,true,0.2727272727272727,0.015726361313151173,0.45454545454545453,0.003931590328287793,0,2.6666666666666665,0.00024098305393187736,0.014710569544217523,0.4311876839421481,0.0004819661078637547
0.35335689045936397,0.8999999999999999,13,false,0.30434782608695654,0.15901060070671377,0.391304347826087,0.3710247349823322,0,1.875,0.35335689045936397,1.05,0.3809731481666106,0.7067137809187279
0.35335689045936397,0.15,0,true,0,0.05300353356890459,0,0.05300353356890459,0,2,0.35335689045936397,0,0.5126023269894892,0.7067137809187279
2.83,0.2120141342756184,4,false,0.26666666666666666,0.8,0.5333333333333333,0.8,0,2,0.35335689045936397,0.2826855123674912,0.40518996811396213,0.7067137809187279